gene_id,CFA_S9,CFHi_S12,CFHy_S53,FFA_S18,FFHi_S10,FFHy_S4,JFA_S54,JFHi_S26,JFHy_S2,OFA_S35,OFHi_S30,OFHy_S13,PFA_S32,PFHi_S22,PFHy_S6,RFA_S14,RFHi_S5,RFHy_S3
gene-COQ10B|COQ10B,33,37,51,97,27,51,56,116,66,104,63,66,61,56,91,60,32,36
gene-ACSL3|ACSL3,133,114,134,211,114,131,165,188,110,212,136,137,148,146,189,148,134,138
gene-KIAA2012|KIAA2012,0,7,0,0,3,0,2,1,0,5,0,0,5,6,0,1,0,0
gene-OBSL1|OBSL1,17,14,29,14,39,16,22,29,27,15,31,27,24,56,24,15,26,18
gene-LOC125281341|LOC125281341,10,18,13,23,20,27,13,5,11,17,13,15,16,12,15,19,9,12
gene-ERCC3|ERCC3,83,69,89,101,64,77,107,83,73,96,104,84,77,115,98,77,68,113
gene-LCT|LCT,4,7,0,0,5,0,0,0,0,0,7,9,0,0,0,6,1,0
gene-LOC123001650|LOC123001650,0,0,0,0,0,0,0,0,0,0,0,0,0,0,0,0,0,0
gene-PMS1|PMS1,111,91,80,122,58,92,78,91,53,104,89,73,88,81,115,74,78,99
gene-CHRNG|CHRNG,0,0,0,0,0,0,0,0,0,0,0,0,0,0,0,0,0,0
gene-ADAM23|ADAM23,0,0,0,21,0,0,7,0,0,9,0,0,0,0,0,0,0,0
gene-LOC113250919|LOC113250919,0,0,0,0,0,0,0,0,0,0,0,1,0,0,0,0,0,0
gene-MMADHC|MMADHC,396,330,412,562,387,441,374,430,249,732,538,453,519,361,478,654,390,539
nbis-pseudogene-2903|LOC123000458,0,0,0,0,0,0,0,0,0,0,0,0,0,0,0,0,0,0
nbis-pseudogene-744|LOC113250505,21,58,52,59,51,34,40,32,40,184,108,137,56,44,84,22,49,52
gene-METTL5|METTL5,48,53,41,67,38,36,67,43,52,68,53,69,42,50,58,52,64,58
gene-FZD5|FZD5,31,18,28,32,39,23,12,54,21,21,52,28,18,33,29,27,29,35
gene-FRZB|FRZB,11,7,25,0,5,11,0,9,10,10,6,13,13,16,6,11,19,6
gene-CNOT9|CNOT9,61,65,86,58,80,64,72,126,70,56,85,39,67,78,54,50,62,63
gene-BZW1|BZW1,1602,779,1262,1986,777,1433,1635,2120,1119,2979,1263,1516,2186,2126,1662,2179,2041,1202
gene-LOC125281299|LOC125281299,0,0,0,9,0,3,10,0,0,7,0,0,8,0,0,9,4,5
gene-LOC113250446|LOC113250446,25,0,31,23,5,13,14,8,9,10,13,19,32,6,10,26,8,14
gene-GYPC|GYPC,337,215,512,511,188,287,359,225,233,366,253,253,255,210,328,309,223,306
gene-RNF25|RNF25,69,18,67,63,26,39,44,52,20,32,38,20,35,28,22,47,24,33
gene-LOC113249963|LOC113249963,0,0,0,0,0,0,0,0,0,0,0,0,0,0,0,0,0,0
nbis-pseudogene-495|LOC113247821,0,3,0,0,0,4,0,0,0,0,0,0,0,0,0,0,0,0
gene-FBXO36|FBXO36,0,11,15,0,11,13,7,18,3,0,23,20,13,17,5,7,6,12
gene-FAM124B|FAM124B,35,69,136,56,154,38,76,116,38,73,122,109,51,75,66,49,107,75
gene-FN1|FN1,7210,4115,8230,23138,6897,8397,14609,5022,13098,23805,12938,13181,24932,10230,20630,18083,4901,14561
nbis-pseudogene-537|LOC113248076,0,0,0,0,0,0,0,0,0,0,0,0,0,0,0,0,0,0
gene-GAD1|GAD1,0,0,0,0,0,0,0,0,0,0,0,0,0,0,0,0,0,0
gene-TRNAK-CUU-41|TRNAK-CUU,0,0,0,0,0,0,1,1,1,1,0,0,0,0,0,0,0,0
gene-NABP1|NABP1,166,143,117,132,74,110,59,160,42,60,101,58,75,129,138,95,64,96
gene-SLC35F5|SLC35F5,288,624,441,349,766,499,326,796,342,400,649,476,306,517,513,266,618,432
nbis-pseudogene-772|LOC113250943,0,0,0,0,0,0,0,0,0,0,0,0,0,2,0,0,0,0
gene-LOC113250975|LOC113250975,1,2,0,0,1,0,1,0,3,0,2,1,2,6,3,0,0,0
nbis-pseudogene-550|LOC113248130,0,0,0,0,0,0,0,0,0,0,0,0,0,0,0,0,0,0
gene-SUMO1|SUMO1,279,260,275,316,176,297,283,288,202,322,268,311,310,286,406,282,233,268
gene-CTDSP1|CTDSP1,300,224,486,406,319,316,405,317,359,341,262,319,357,378,359,324,249,401
gene-MARCHF4|MARCHF4,0,0,0,0,0,0,0,0,0,0,0,0,0,0,0,0,0,0
nbis-pseudogene-762|LOC113250914,0,0,0,0,0,0,0,0,0,0,0,0,0,1,0,0,1,0
gene-LOC113250915|LOC113250915,2,2,1,4,2,3,0,0,1,2,1,3,0,1,0,0,2,2
gene-STK25|STK25,120,52,142,152,69,117,106,54,78,115,63,76,83,84,81,128,84,105
gene-R3HDM1|R3HDM1,118,114,84,165,93,95,140,115,116,141,131,110,145,130,147,140,96,152
gene-CREB1|CREB1,125,186,167,172,155,112,161,176,156,146,182,121,134,209,174,169,164,172
gene-LOC113250956|LOC113250956,0,0,0,0,0,0,0,0,0,0,0,0,0,0,0,0,0,0
gene-CHPF|CHPF,41,43,57,34,51,26,46,49,53,76,56,60,48,58,33,59,28,33
gene-ACVR1C|ACVR1C,1343,442,846,835,71,1125,489,253,354,328,481,450,579,345,770,923,442,966
nbis-pseudogene-2118|LOC113263381,0,0,0,0,5,0,0,0,0,0,0,0,0,0,0,0,0,0
gene-PTPN4|PTPN4,346,236,298,377,220,327,233,226,185,245,200,212,301,284,341,271,191,315
gene-HOXD4|HOXD4,83,48,129,65,41,82,81,80,29,28,28,33,85,76,111,82,35,112
gene-DHRS9|DHRS9,0,0,7,22,0,18,0,0,7,0,0,7,12,0,19,0,0,7
gene-LOC125281324|LOC125281324,0,0,2,0,0,1,3,0,0,2,0,0,0,2,2,0,0,0
gene-GRB14|GRB14,22,14,11,25,8,24,36,11,15,20,23,33,38,14,27,30,12,14
gene-SERPINE2|SERPINE2,8,87,25,14,41,18,14,114,21,23,90,34,10,68,14,18,70,20
nbis-pseudogene-778|LOC113250971,0,0,0,0,0,0,0,0,0,0,0,0,0,0,0,0,0,0
gene-SEPTIN2|SEPTIN2,573,785,889,967,641,815,902,849,624,916,965,840,709,727,834,654,752,809
gene-SPOPL|SPOPL,181,717,216,178,587,301,237,579,194,404,1187,569,183,413,445,154,915,427
gene-LOC113248915|LOC113248915,0,0,2,0,0,0,0,0,0,0,0,0,0,0,0,0,0,0
gene-RAB17|RAB17,0,0,0,0,0,0,0,0,0,0,0,0,0,0,0,0,0,0
gene-LRP2|LRP2,0,6,6,9,11,0,8,12,8,19,18,4,11,12,12,17,17,20
nbis-pseudogene-2924|LOC123000668,0,0,0,0,0,0,0,0,0,0,0,0,0,0,0,0,0,0
gene-PRPF40A|PRPF40A,455,577,434,563,587,506,471,741,409,606,464,492,459,576,645,392,573,433
nbis-pseudogene-502|LOC113247858,0,0,0,0,0,0,0,0,0,0,0,0,0,0,0,0,0,0
gene-HOXD12|HOXD12,0,0,0,0,0,0,0,0,0,0,0,0,0,0,0,0,0,0
gene-EPHA4|EPHA4,36,46,87,49,59,96,35,55,24,80,48,49,74,42,82,44,46,48
gene-LOC125281317|LOC125281317,73,94,98,105,160,112,85,164,110,148,276,80,116,121,154,103,119,167
nbis-pseudogene-3267|LOC125281308,37,79,48,86,105,76,61,134,57,47,72,76,66,97,72,30,57,45
gene-MFSD6|MFSD6,136,125,141,104,129,113,110,161,122,100,141,105,144,133,192,107,124,155
gene-PRKAG3|PRKAG3,0,0,0,0,0,0,0,0,0,0,0,0,0,0,0,0,0,0
nbis-pseudogene-3268|LOC125281311,62,127,77,63,86,65,62,92,56,108,90,107,81,88,75,56,102,86
gene-CCDC148|CCDC148,0,11,0,0,4,0,0,0,6,0,0,0,0,0,0,0,0,0
gene-NIF3L1|NIF3L1,126,106,131,172,82,133,143,123,98,149,151,146,119,110,135,118,101,121
gene-LOC113250945|LOC113250945,0,0,0,0,0,0,0,0,0,0,0,0,0,0,0,0,0,0
gene-TWIST2|TWIST2,63,65,58,53,95,69,79,107,109,90,123,87,67,127,97,79,104,74
gene-LOC113250826|LOC113250826,0,25,5,0,17,6,9,0,0,0,35,0,0,0,0,0,0,6
gene-TRNAF-GAA-11|TRNAF-GAA,0,0,0,0,0,0,0,0,0,0,0,0,0,0,0,0,0,0
gene-TMEM37|TMEM37,112,100,105,127,88,135,170,86,103,119,164,117,162,126,139,146,95,91
gene-ACVR1|ACVR1,94,88,97,113,129,88,97,149,130,132,158,77,129,98,157,123,98,146
nbis-pseudogene-2127|LOC113263426,0,3,1,0,2,0,0,0,2,0,2,2,0,0,0,2,0,0
gene-RAMP1|RAMP1,12,10,21,21,28,18,14,21,14,11,21,6,16,21,11,9,15,10
gene-EEF1B2|EEF1B2,2852,2089,3407,3317,1638,3361,2487,2257,1870,2876,2521,2942,2058,1348,3161,2116,2485,2649
gene-LOC123000648|LOC123000648,0,0,0,4,2,0,7,0,0,2,5,11,6,7,1,6,4,5
nbis-pseudogene-635|LOC113249077,2,0,0,0,0,0,0,0,0,0,0,0,0,0,0,0,0,0
gene-TEX44|TEX44,0,0,0,0,0,0,0,0,0,0,0,0,0,1,0,0,0,0
gene-LOC113250910|LOC113250910,7,0,5,0,0,3,0,0,0,0,0,5,0,0,0,0,0,6
gene-LOC113250947|LOC113250947,0,0,0,0,0,0,0,0,0,0,0,0,0,0,0,0,0,0
gene-LOC123000677|LOC123000677,0,0,0,0,0,5,0,0,0,0,0,0,0,0,0,0,0,0
gene-ITM2C|ITM2C,61,69,65,60,55,64,68,79,81,60,72,72,76,90,38,89,60,49
gene-LOC113250465|LOC113250465,122,41,67,107,63,66,85,52,61,106,60,64,83,51,78,54,58,61
gene-LOC113250966|LOC113250966,0,0,0,0,0,0,0,0,0,0,0,0,0,0,0,0,0,0
gene-PDE11A|PDE11A,0,0,0,0,0,0,0,0,0,0,0,0,0,0,0,0,0,0
gene-GALNT13|GALNT13,0,0,0,3,0,0,0,0,0,0,0,0,0,0,0,0,0,0
gene-HOXD8|HOXD8,127,127,138,108,157,149,97,105,100,149,155,148,127,129,129,104,110,133
gene-LOC113250606|LOC113250606,776,526,1061,857,276,549,561,398,334,563,548,495,859,553,802,665,525,791
gene-GLB1L|GLB1L,55,52,89,76,105,68,63,89,29,69,68,66,56,112,76,66,121,73
nbis-pseudogene-2131|LOC113263477,21,25,27,21,18,42,26,37,20,25,41,29,12,19,19,13,21,23
gene-RESP18|RESP18,0,0,0,0,0,0,0,0,0,0,0,0,0,0,0,0,0,0
gene-LOC123000666|LOC123000666,0,0,0,0,0,0,0,0,0,0,0,0,0,0,2,0,0,0
gene-BOLL|BOLL,0,0,0,0,0,0,0,0,0,0,0,0,0,0,0,0,0,0
gene-LOC113250677|LOC113250677,0,0,0,8,0,0,4,0,0,2,0,0,0,6,0,0,0,0
gene-SPATS2L|SPATS2L,46,93,55,63,100,67,69,67,83,64,63,75,57,148,86,53,109,69
gene-LOC113250068|LOC113250068,22,20,14,29,12,16,27,30,11,20,18,14,18,17,22,24,16,30
gene-SP5|SP5,0,0,0,0,0,0,0,0,4,0,0,0,0,0,0,5,0,0
gene-LOC113263525|LOC113263525,0,0,0,0,0,0,0,0,0,0,0,0,0,0,0,0,0,0
gene-LOC113263520|LOC113263520,0,0,0,0,0,0,0,0,0,0,0,0,0,0,0,0,0,0
gene-MOGAT1|MOGAT1,0,0,5,19,0,0,0,10,0,3,0,0,0,5,11,0,3,0
gene-CIR1|CIR1,187,290,286,327,322,326,257,384,226,310,381,356,290,289,462,230,294,261
gene-PID1|PID1,115,144,203,165,167,203,131,320,198,195,255,227,159,286,189,133,181,154
gene-WNT6|WNT6,0,0,0,0,0,0,0,0,0,0,0,0,0,0,0,0,0,0
gene-DCAF17|DCAF17,118,91,90,165,106,131,84,138,81,113,107,98,106,121,123,87,101,139
nbis-pseudogene-3269|LOC125281343,0,0,0,0,0,0,0,0,0,0,0,0,0,0,0,0,0,0
gene-LOC113263519|LOC113263519,0,0,0,0,0,0,0,0,0,2,0,0,0,0,2,0,0,0
gene-CROCC2|CROCC2,0,0,0,0,0,0,0,0,0,0,0,0,0,0,0,0,0,0
gene-GTF3C3|GTF3C3,212,255,237,255,204,182,200,318,158,278,255,208,258,337,257,241,270,202
gene-KIF1A|KIF1A,0,0,0,0,0,0,0,0,0,0,0,0,0,0,0,0,0,0
gene-ABI2|ABI2,86,254,97,120,279,148,142,212,132,231,272,231,121,242,183,126,272,130
nbis-pseudogene-524|LOC113248018,0,0,0,0,0,0,0,0,0,2,0,0,0,0,0,0,0,0
gene-CUNH2orf80|CUNH2orf80,14,23,0,47,93,76,32,76,16,64,121,43,17,34,13,85,41,36
gene-LOC123000647|LOC123000647,26,24,11,13,35,21,24,38,20,27,24,14,32,37,25,36,11,23
nbis-pseudogene-2126|LOC113263425,2,2,0,0,0,0,0,0,0,0,0,2,0,0,0,0,0,0
gene-LOC113250450|LOC113250450,26,34,47,49,22,17,35,30,19,49,33,27,42,31,21,50,30,34
gene-IGFBP2|IGFBP2,9,13,23,69,1748,548,350,2327,376,30,300,37,16,56,15,41,363,57
nbis-pseudogene-2908|LOC123000467,1,0,1,2,2,2,0,1,0,2,2,0,1,5,2,0,2,0
gene-COL5A2|COL5A2,2074,1162,1791,5964,2258,2049,3734,1419,2602,5692,1679,3630,4730,2518,3725,6186,2174,3811
gene-FZD7|FZD7,112,117,64,108,127,58,72,144,69,107,133,115,38,114,102,106,57,105
nbis-pseudogene-2902|LOC123000456,0,5,0,0,0,0,0,4,0,4,5,0,0,6,0,0,0,4
nbis-pseudogene-498|LOC113247835,0,0,0,0,0,0,0,0,0,0,0,0,0,0,0,0,0,0
gene-CUL3|CUL3,467,471,648,521,367,490,412,572,386,567,486,565,517,407,570,433,483,557
gene-LOC113263510|LOC113263510,0,0,0,1,0,0,0,0,0,0,0,0,0,0,0,0,0,0
nbis-pseudogene-2906|LOC123000462,0,0,0,0,0,0,0,0,0,0,0,0,0,0,0,0,0,0
gene-LOC123001653|LOC123001653,9,0,17,0,0,0,7,11,0,6,5,13,0,16,10,0,0,8
gene-NDUFB3|NDUFB3,71,49,62,111,26,72,70,62,43,136,72,87,89,74,95,93,69,62
gene-CUNH2orf66|CUNH2orf66,0,0,0,0,0,0,0,0,0,0,0,0,0,0,0,0,0,0
gene-LOC125281302|LOC125281302,0,12,3,0,6,0,5,0,4,0,0,4,0,0,0,8,11,0
nbis-pseudogene-564|LOC113248270,0,2,0,0,0,0,0,0,0,1,0,0,0,0,0,0,0,0
gene-LOC113250704|LOC113250704,7,0,0,11,0,21,0,7,11,0,5,4,11,0,24,0,0,8
nbis-pseudogene-747|LOC113250564,3,0,2,3,0,0,0,0,3,2,0,2,3,0,2,0,2,0
gene-LOC125281307|LOC125281307,0,0,3,0,0,0,0,0,0,0,0,0,0,0,0,0,3,0
gene-MCM6|MCM6,41,50,30,61,73,60,46,83,48,43,55,48,53,86,79,44,89,50
gene-DDX18|DDX18,130,222,221,243,199,194,197,281,177,222,246,186,205,303,199,168,295,215
gene-LOC113250460|LOC113250460,0,0,0,4,0,0,0,0,0,0,0,0,0,0,0,0,0,0
gene-LOC113250780|LOC113250780,598,866,866,770,848,1262,898,966,1201,563,1124,1025,803,959,1216,592,994,1099
gene-FAM117B|FAM117B,95,75,42,53,123,86,59,132,75,70,137,85,70,120,83,109,101,93
gene-MYO3B|MYO3B,0,0,0,0,0,0,0,0,0,0,0,0,0,0,0,0,0,0
gene-GPD2|GPD2,308,208,412,266,169,294,216,213,178,259,310,227,282,308,318,246,232,298
gene-ACVR2A|ACVR2A,257,250,220,295,178,220,197,259,182,239,240,233,276,260,263,370,224,292
gene-LOC125281351|LOC125281351,3,0,0,0,0,0,0,0,0,0,0,0,0,0,0,0,0,0
gene-MAB21L4|MAB21L4,36,0,0,0,0,0,0,0,0,0,0,0,0,0,7,0,0,0
nbis-pseudogene-656|LOC113249169,0,0,0,0,0,0,0,0,0,0,0,0,0,0,0,0,0,0
gene-SGO2|SGO2,20,34,22,23,10,13,20,8,33,12,17,11,19,12,13,21,12,23
gene-CLK1|CLK1,602,401,481,580,280,624,469,565,314,392,379,259,536,490,630,562,380,530
gene-LOC113250911|LOC113250911,0,1,0,0,2,1,2,2,0,0,0,1,2,2,0,0,0,0
gene-LOC123001646|LOC123001646,0,0,0,0,0,0,0,0,0,0,0,0,0,0,0,0,0,0
nbis-pseudogene-757|LOC113250803,0,2,0,0,0,0,0,0,0,0,0,0,0,0,0,0,0,0
gene-LOC113250920|LOC113250920,2,4,4,1,1,2,1,2,6,1,1,2,2,6,3,1,4,1
gene-METTL8|METTL8,49,42,39,63,20,49,46,25,30,32,21,38,52,31,46,36,32,27
gene-UNC80|UNC80,0,0,0,0,0,0,0,0,0,0,0,0,0,0,0,0,0,0
gene-LOC123000680|LOC123000680,0,0,0,0,0,0,0,0,0,0,0,0,0,0,0,0,0,0
gene-SLC4A10|SLC4A10,0,0,0,0,0,0,0,0,0,0,0,0,0,0,0,0,0,0
gene-SH3BP4|SH3BP4,53,138,115,79,268,110,115,268,127,109,160,122,94,207,106,104,162,100
gene-WDR33|WDR33,284,354,380,382,363,288,314,424,218,324,326,295,290,365,341,328,307,338
gene-OTOS|OTOS,0,0,0,0,0,0,0,0,0,0,0,0,0,0,0,0,0,0
gene-ATG9A|ATG9A,242,132,260,261,231,133,255,216,131,197,238,210,227,234,212,230,164,191
gene-COL6A3|COL6A3,6266,3000,4223,7687,6322,5884,6973,6020,8634,9746,4825,7389,8792,7021,8356,10668,6546,9370
gene-SSB|SSB,205,322,199,260,194,226,190,322,169,291,223,269,243,294,333,175,262,184
gene-FAM171B|FAM171B,49,58,29,68,43,74,55,43,80,72,48,79,99,83,132,74,58,84
nbis-pseudogene-750|LOC113250577,0,0,0,0,3,0,0,0,0,0,0,0,0,0,0,2,0,0
gene-COL3A1|COL3A1,14216,2632,8933,64608,3487,6249,34660,2257,14069,66773,5246,17025,64350,5792,21381,111928,3553,24895
gene-ARMC9|ARMC9,43,35,26,27,46,36,27,51,22,27,46,17,32,32,37,34,31,36
gene-LOC113250748|LOC113250748,18,5,18,22,0,0,15,16,0,11,19,4,26,0,19,5,5,6
gene-LOC125281337|LOC125281337,6,21,9,6,6,13,0,17,10,23,19,18,9,9,7,15,13,9
gene-CXCR2|CXCR2,4,0,0,7,0,0,0,10,0,0,4,0,0,0,7,0,0,0
nbis-pseudogene-763|LOC113250918,0,0,0,0,0,0,0,0,0,0,0,0,1,0,0,0,0,0
gene-FLACC1|FLACC1,9,0,0,14,0,4,13,0,9,20,0,5,10,11,9,0,8,15
nbis-pseudogene-2112|LOC113263364,0,0,0,0,0,0,0,0,0,0,0,0,0,0,0,0,0,0
gene-THAP4|THAP4,61,61,114,69,107,80,79,100,62,64,86,58,77,61,63,71,85,52
gene-CXCR4|CXCR4,16,0,9,23,3,6,27,28,7,10,7,7,9,9,28,20,0,5
gene-ANKAR|ANKAR,18,32,25,13,0,17,15,13,15,27,24,15,16,18,16,22,22,14
gene-DIS3L2|DIS3L2,164,155,184,191,182,119,147,159,131,136,136,152,142,172,176,177,155,172
gene-LOC113250953|LOC113250953,0,0,0,0,0,0,0,0,0,0,0,0,0,0,0,0,0,0
nbis-pseudogene-761|LOC113250902,0,0,0,0,0,0,0,0,0,0,0,0,0,0,0,0,0,0
gene-HNMT|HNMT,948,1307,1075,827,455,1054,708,862,745,702,1659,1185,762,917,1111,682,1112,1109
gene-NR4A2|NR4A2,0,0,0,4,14,30,5,144,85,12,0,0,4,30,49,0,0,15
gene-STAT4|STAT4,0,6,7,0,0,0,0,3,11,5,0,0,0,11,0,8,5,0
gene-SATB2|SATB2,6,0,0,0,0,0,0,0,7,0,0,0,0,0,0,0,0,0
gene-PDE6D|PDE6D,54,55,57,88,65,79,40,88,44,64,72,73,68,85,75,45,77,84
gene-RBMS1|RBMS1,561,832,698,654,879,710,593,1160,680,828,1014,907,567,1138,924,456,943,632
gene-HOXD11|HOXD11,0,0,0,3,0,0,0,5,0,0,0,0,0,0,0,0,0,0
gene-VIL1|VIL1,0,0,0,0,0,0,0,0,0,0,0,0,0,0,0,0,0,0
gene-STK16|STK16,136,73,165,144,70,71,158,94,91,125,99,122,128,96,135,146,82,116
gene-ASDURF|ASDURF,11,6,8,9,0,0,12,6,12,6,0,0,10,7,6,7,4,3
gene-LOC113263447|LOC113263447,8,3,0,11,3,6,0,0,0,4,11,7,10,4,3,6,0,0
nbis-pseudogene-587|LOC113248422,0,0,0,0,0,0,0,0,0,0,0,0,0,0,0,0,0,0
nbis-pseudogene-749|LOC113250571,9,21,22,19,15,18,14,13,18,16,6,20,15,32,9,11,13,14
gene-LOC113250732|LOC113250732,0,0,0,0,6,0,0,0,8,12,0,0,0,0,0,0,0,6
gene-ITGA6|ITGA6,270,450,375,384,348,330,269,427,232,395,286,471,263,465,285,288,335,286
gene-LOC113250723|LOC113250723,2,5,1,2,0,4,1,0,4,1,2,4,1,2,2,3,3,0
gene-ACKR3|ACKR3,180,149,206,478,231,408,532,372,634,462,310,318,418,260,701,249,257,436
gene-ATP5MC3|ATP5MC3,741,281,560,822,243,323,465,369,282,834,390,480,607,292,412,848,335,357
nbis-pseudogene-760|LOC113250892,0,0,0,0,0,0,0,0,0,0,2,0,0,0,0,0,0,0
gene-DNAJC10|DNAJC10,184,154,223,333,157,228,258,224,201,199,154,285,244,350,224,207,214,228
gene-LOC113250932|LOC113250932,0,2,1,0,0,0,2,0,0,1,0,0,0,0,0,0,0,0
gene-NEMP2|NEMP2,42,80,76,55,36,51,38,40,27,45,58,62,56,44,53,44,40,60
gene-TTN|TTN,93,378,105,168,3143,213,128,856,150,148,369,187,96,1636,236,154,511,202
nbis-pseudogene-2135|LOC113263517,0,0,0,0,0,0,2,0,0,0,0,0,0,0,0,0,0,0
gene-PARD3B|PARD3B,319,805,550,429,794,647,586,877,557,508,876,614,414,803,684,305,872,537
gene-SLC25A12|SLC25A12,59,125,105,99,65,109,137,113,100,130,121,95,94,119,123,147,109,106
gene-UBR3|UBR3,874,900,1194,1176,875,858,941,1125,836,1345,1088,987,1071,856,1339,1090,835,1202
gene-HOXD13|HOXD13,3,0,4,0,0,5,0,10,10,0,5,0,0,9,0,0,3,0
gene-XRCC5|XRCC5,176,168,231,193,150,194,196,187,138,139,152,219,154,180,163,190,206,143
nbis-pseudogene-577|LOC113248374,3,0,0,0,3,0,0,0,0,0,0,0,0,0,5,0,0,0
gene-SP3|SP3,415,610,565,618,680,502,595,813,569,579,688,585,557,683,717,499,641,507
gene-INPP1|INPP1,171,67,100,121,51,58,63,116,56,129,137,115,154,78,114,143,58,97
nbis-pseudogene-754|LOC113250757,8,10,6,5,8,8,2,8,3,0,3,0,0,4,3,6,15,5
gene-CCDC150|CCDC150,0,21,14,0,16,16,9,17,14,6,23,26,0,28,32,0,33,0
gene-LOC125281305|LOC125281305,0,0,0,0,0,0,0,0,0,0,0,0,0,0,0,0,0,0
gene-LOC125281315|LOC125281315,0,0,0,0,0,0,0,0,0,0,0,6,0,0,0,0,4,0
gene-LOC113250968|LOC113250968,0,0,0,0,0,0,1,0,0,0,0,0,0,0,0,0,0,0
gene-LOC125281344|LOC125281344,0,0,0,0,0,0,0,0,0,0,0,0,0,0,0,0,0,0
gene-LOC113248467|LOC113248467,2,0,0,0,0,0,0,0,0,0,0,0,0,0,2,0,1,0
gene-PASK|PASK,73,66,43,50,61,37,40,73,14,10,70,54,57,79,48,39,58,52
gene-LOC113248224|LOC113248224,0,0,0,0,2,1,0,3,2,0,1,1,0,1,0,3,3,0
gene-LOC113250926|LOC113250926,0,1,1,0,1,0,0,0,0,0,0,0,0,1,0,0,0,0
gene-PROC|PROC,4,0,0,0,0,0,0,0,0,0,3,0,0,0,0,0,0,0
gene-PLA2R1|PLA2R1,273,195,216,415,112,237,289,98,290,584,286,380,579,195,397,506,142,311
gene-KCNE4|KCNE4,20,4,18,9,0,3,5,10,10,20,13,7,18,29,14,6,15,8
nbis-pseudogene-766|LOC113250935,0,0,0,0,0,0,0,0,0,0,0,0,0,0,0,0,0,0
gene-INPP5D|INPP5D,60,65,57,45,102,53,55,61,42,39,57,45,52,77,46,44,33,35
gene-UBXN4|UBXN4,508,691,639,739,555,603,553,833,513,885,866,837,556,723,899,481,743,689
gene-LOC113263514|LOC113263514,0,0,0,0,0,0,0,0,0,1,0,0,0,0,0,0,0,0
nbis-pseudogene-741|LOC113250340,0,4,0,0,3,2,0,0,2,0,2,0,0,2,2,0,2,0
gene-STK39|STK39,333,633,799,648,621,649,512,792,554,439,742,796,499,484,774,316,606,697
gene-ASNSD1|ASNSD1,81,25,54,55,23,47,64,76,50,71,49,34,93,65,86,72,38,68
nbis-pseudogene-2120|LOC113263383,0,0,0,0,0,0,0,0,0,0,0,0,0,0,0,0,0,0
gene-RETREG2|RETREG2,264,244,369,294,266,217,237,307,169,220,258,264,220,264,271,308,275,260
gene-MARCO|MARCO,0,0,0,0,0,0,0,0,0,0,0,0,0,0,0,0,0,0
gene-ALS2|ALS2,264,342,298,341,337,257,310,386,227,265,314,256,255,253,314,341,259,293
gene-RAB3GAP1|RAB3GAP1,386,413,477,511,409,453,325,623,387,450,470,372,388,417,466,374,339,420
gene-LOC123001652|LOC123001652,0,0,0,0,0,0,0,0,2,0,0,0,0,0,0,1,0,0
gene-DNAJB2|DNAJB2,152,183,259,185,194,138,161,259,101,150,287,189,112,188,163,128,259,189
nbis-pseudogene-2113|LOC113263365,0,0,0,0,0,0,0,0,0,0,0,0,0,0,0,0,0,0
gene-FASTKD1|FASTKD1,75,74,72,136,49,100,70,78,71,107,72,65,88,68,87,66,73,48
nbis-pseudogene-525|LOC113248042,0,0,0,0,0,0,0,0,0,0,0,0,0,0,0,0,3,0
gene-LOC113250550|LOC113250550,26,30,41,14,25,33,15,95,29,33,44,24,34,27,32,10,34,31
gene-LOC113250377|LOC113250377,16,0,0,0,0,0,0,0,0,0,0,0,0,0,2,0,0,0
gene-PRLH|PRLH,0,0,0,0,0,0,0,0,0,0,0,0,0,0,0,0,0,0
gene-CCDC195|CCDC195,0,0,0,0,0,0,0,0,0,0,0,0,0,0,0,0,0,0
nbis-pseudogene-504|LOC113247872,0,3,0,0,10,0,0,8,2,3,4,3,0,0,4,0,0,0
nbis-pseudogene-604|LOC113248796,0,0,0,0,0,0,0,0,0,0,0,0,0,0,0,0,0,0
gene-PJVK|PJVK,34,17,31,31,8,42,31,0,14,30,18,30,48,20,44,38,17,18
nbis-pseudogene-638|LOC113249105,0,0,0,0,0,0,0,0,0,0,0,0,0,0,0,0,0,0
gene-TRAF3IP1|TRAF3IP1,74,96,119,87,126,138,126,133,83,90,119,118,76,125,124,68,140,111
gene-PPP1R1C|PPP1R1C,0,0,0,2,0,0,0,0,0,0,2,0,0,2,0,0,0,0
gene-TSN|TSN,172,265,251,286,227,192,211,334,191,314,286,262,182,285,255,210,250,247
gene-LOC113263516|LOC113263516,0,0,0,0,0,0,0,0,0,0,0,0,0,0,0,0,0,0
gene-TFPI|TFPI,94,79,77,176,73,142,138,107,129,114,71,89,219,242,153,153,167,64
gene-LOC123000683|LOC123000683,0,3,0,0,0,0,0,0,0,0,0,0,0,0,0,0,0,0
gene-HAT1|HAT1,82,115,83,120,52,87,93,127,77,80,120,88,102,99,141,113,90,88
nbis-pseudogene-603|LOC113248785,0,2,0,5,0,0,0,2,0,3,2,0,0,0,0,4,0,0
gene-NXPH2|NXPH2,0,0,0,0,0,0,0,0,0,0,0,0,0,0,0,0,0,0
gene-LOC113248589|LOC113248589,35,13,44,44,7,16,34,13,18,57,11,33,78,0,40,38,9,18
gene-LOC113263377|LOC113263377,5,4,0,0,8,0,3,0,7,0,6,0,7,4,0,0,11,0
nbis-pseudogene-2119|LOC113263382,0,4,0,0,6,0,3,0,0,0,2,2,0,3,0,2,3,0
nbis-pseudogene-690|LOC113249466,0,0,0,0,0,0,0,0,0,0,0,0,0,0,0,0,0,0
gene-NHEJ1|NHEJ1,29,23,46,42,31,33,48,25,41,30,23,31,33,33,42,47,43,33
gene-LOC113250501|LOC113250501,0,0,0,0,0,0,0,0,0,0,0,0,0,0,0,0,0,0
gene-OSGEPL1|OSGEPL1,66,59,43,56,19,55,58,48,35,75,42,37,42,59,59,34,55,37
gene-LOC125281319|LOC125281319,0,0,0,0,0,0,0,0,0,0,0,0,0,0,0,0,0,0
gene-KLHL23|KLHL23,21,46,36,27,32,46,23,57,23,20,42,18,22,40,31,22,43,26
gene-STK36|STK36,34,47,50,51,46,51,68,63,32,38,56,34,39,81,41,35,67,39
gene-NCL|NCL,596,579,798,1106,645,577,630,823,677,666,693,816,513,706,1052,376,620,629
gene-WDR75|WDR75,170,262,244,165,225,226,160,328,161,227,226,137,212,281,234,169,227,163
gene-LOC113250555|LOC113250555,0,0,7,0,0,0,0,5,0,0,5,0,0,0,0,0,0,8
gene-LOC123000576|LOC123000576,0,0,0,0,2,0,0,0,0,0,0,0,1,0,0,0,0,4
gene-LOC125281347|LOC125281347,0,0,0,0,3,0,6,0,4,5,0,0,0,0,0,0,0,0
nbis-pseudogene-2904|LOC123000459,0,0,0,0,0,0,0,0,0,0,0,0,0,0,0,0,0,0
gene-LOC113250913|LOC113250913,0,1,2,2,0,0,0,1,0,0,0,0,0,0,1,1,0,0
gene-LOC113250607|LOC113250607,25,0,0,0,0,0,0,0,0,0,0,0,0,10,0,0,0,0
gene-ANKMY1|ANKMY1,0,0,0,0,0,0,0,0,0,0,0,0,0,0,0,0,0,0
nbis-pseudogene-610|LOC113248868,0,0,0,0,0,0,0,0,0,0,0,0,0,0,0,0,0,0
gene-PPP1R7|PPP1R7,144,149,156,182,132,158,150,157,109,147,196,177,119,127,160,152,160,158
gene-KCNJ3|KCNJ3,13,0,0,0,0,9,0,0,0,0,0,0,0,3,0,0,5,3
gene-LOC113250623|LOC113250623,0,0,0,0,0,0,5,0,0,0,7,0,0,4,0,4,3,5
gene-DUSP28|DUSP28,18,24,18,18,11,6,21,28,0,12,33,11,19,20,10,15,21,9
gene-PKP4|PKP4,251,293,436,378,181,250,359,207,215,238,253,353,306,361,340,236,231,235
gene-PTPRN|PTPRN,0,0,0,0,0,0,0,0,0,0,0,0,0,0,0,0,0,0
gene-SLC39A10|SLC39A10,157,101,130,152,76,139,129,133,135,118,90,123,151,134,157,138,88,151
gene-RPE|RPE,114,59,116,135,66,113,94,85,61,164,55,77,89,94,74,86,87,91
gene-EPC2|EPC2,198,273,227,356,254,232,290,351,276,338,270,266,246,402,291,247,277,249
nbis-pseudogene-574|LOC113248353,0,0,0,0,0,0,0,0,0,0,0,0,0,0,0,0,0,0
gene-COBLL1|COBLL1,420,463,700,699,483,529,463,577,465,494,660,788,485,577,941,324,755,844
gene-SPATA3|SPATA3,0,0,0,0,0,0,0,0,0,0,0,0,0,0,0,0,0,0
gene-UGGT1|UGGT1,571,430,533,751,489,570,610,634,531,884,522,532,525,651,656,557,597,642
gene-LOC113263509|LOC113263509,0,0,0,0,0,0,0,0,0,0,0,0,0,0,0,0,0,0
gene-NOSTRIN|NOSTRIN,147,493,517,240,331,178,124,276,79,291,465,255,209,158,222,130,225,189
gene-LOC113250879|LOC113250879,9,18,14,20,15,6,18,8,8,16,5,16,19,0,15,9,9,16
nbis-pseudogene-2901|LOC123000452,0,0,0,0,0,0,0,0,0,0,0,0,0,0,0,0,0,0
gene-NUP35|NUP35,63,61,81,87,69,65,59,50,52,73,50,60,94,57,77,76,52,47
gene-LOC113250614|LOC113250614,0,9,0,0,12,0,0,11,0,0,0,0,0,6,0,0,9,0
gene-LOC125281352|LOC125281352,17,9,0,19,0,7,5,6,11,18,13,13,0,25,13,12,6,26
nbis-pseudogene-544|LOC113248120,0,0,0,0,0,0,0,0,0,0,0,0,0,0,0,0,0,0
gene-RND3|RND3,141,396,255,184,274,302,230,736,337,498,426,443,194,489,581,128,379,246
nbis-pseudogene-2134|LOC113263513,0,0,0,1,0,0,0,1,0,0,0,0,0,0,0,0,0,0
gene-KYNU|KYNU,0,0,5,0,0,0,4,0,0,0,7,0,0,0,0,0,0,0
gene-GPBAR1|GPBAR1,0,0,0,0,0,4,0,0,0,0,0,0,0,0,0,0,0,0
gene-MPP4|MPP4,15,11,8,7,13,0,12,26,0,11,12,12,0,0,7,17,0,5
gene-LOC113250724|LOC113250724,6,6,10,13,8,3,10,10,5,4,6,2,11,3,13,14,6,13
gene-LOC113250961|LOC113250961,0,0,0,0,0,0,0,0,0,0,0,0,0,0,0,0,0,0
gene-EPB41L5|EPB41L5,172,141,304,194,87,202,141,169,103,153,160,133,176,71,136,115,91,159
gene-USP40|USP40,144,200,208,130,192,180,134,209,137,129,213,131,152,196,172,146,216,174
gene-RBM45|RBM45,82,154,118,144,115,146,121,172,104,149,134,86,107,154,113,116,92,113
gene-INSIG2|INSIG2,491,177,670,664,205,819,588,577,540,608,337,352,554,261,738,386,295,998
gene-EIF4E2|EIF4E2,226,214,284,289,184,199,237,319,231,249,274,259,209,286,243,256,272,306
gene-ZEB2|ZEB2,887,1597,1453,1114,1285,1319,1051,1602,1359,1101,2205,1982,1238,1217,1980,725,1292,1584
gene-CCL20|CCL20,0,0,0,0,0,0,0,0,0,0,0,0,0,0,0,0,0,0
nbis-pseudogene-3102|LOC123001643,0,0,0,0,0,0,0,0,0,0,0,0,0,0,0,0,0,0
gene-MBD5|MBD5,122,145,128,141,117,113,137,126,86,118,208,122,120,162,130,124,154,132
gene-LOC123000603|LOC123000603,15,4,19,54,8,18,20,9,8,60,18,45,17,26,21,38,19,23
nbis-pseudogene-2128|LOC113263427,0,0,0,0,0,0,0,0,0,0,0,0,0,0,1,0,0,2
gene-ESPNL|ESPNL,0,0,0,0,32,0,0,6,0,0,0,0,0,0,0,0,6,0
gene-MSTN|MSTN,0,0,0,0,0,0,0,0,0,0,0,0,0,0,0,0,0,0
gene-LOC113250941|LOC113250941,1,0,0,0,0,2,0,4,2,2,0,0,1,0,3,1,0,0
gene-RFTN2|RFTN2,148,101,142,188,72,163,152,66,129,147,146,206,193,179,228,175,126,180
gene-SF3B1|SF3B1,1441,2369,2200,2466,2853,1946,1791,2978,1898,2659,2534,2280,1999,2826,2629,1742,2515,2041
nbis-pseudogene-572|LOC113248348,0,0,0,0,0,0,0,0,0,0,0,0,0,0,0,0,0,0
gene-LOC113248029|LOC113248029,0,0,0,0,0,0,0,0,0,0,0,0,0,0,0,0,0,0
gene-CACNB4|CACNB4,0,0,0,0,0,0,0,0,0,0,0,0,0,0,0,0,0,0
gene-HOXD9|HOXD9,15,9,17,11,27,21,10,6,8,10,6,13,14,23,6,30,15,17
gene-KLHL41|KLHL41,0,0,0,0,202,0,0,0,0,0,0,4,0,11,4,0,0,0
gene-LOC113250925|LOC113250925,0,0,0,1,0,2,0,0,0,0,0,0,0,0,0,0,0,1
gene-CAPN10|CAPN10,40,26,42,39,76,43,41,61,39,55,44,23,29,44,29,39,44,25
nbis-pseudogene-586|LOC113248417,0,0,0,0,0,0,0,0,0,0,0,0,0,0,0,0,0,0
nbis-pseudogene-582|LOC113248388,0,0,0,0,0,0,0,0,0,0,0,0,0,0,0,0,0,0
nbis-pseudogene-3266|LOC125281298,0,0,0,0,0,0,0,0,0,0,0,0,0,0,0,0,0,0
gene-NDUFA10|NDUFA10,289,134,316,432,155,187,272,178,147,299,170,209,295,156,225,433,144,214
nbis-pseudogene-609|LOC113248857,0,0,0,0,0,0,0,0,0,0,0,0,0,0,0,0,0,0
gene-SLC23A3|SLC23A3,6,10,9,0,6,0,8,20,4,3,9,0,0,9,0,0,0,0
gene-SCLY|SCLY,48,49,63,53,53,42,43,86,43,38,68,47,37,41,57,44,47,39
gene-SLC38A11|SLC38A11,0,0,2,6,0,0,0,0,0,0,4,0,0,5,0,0,0,0
gene-DTYMK|DTYMK,9,24,10,23,25,12,14,21,6,12,27,17,11,31,14,17,31,20
gene-CALCRL|CALCRL,404,218,251,216,98,256,108,148,110,211,96,261,268,278,170,236,116,179
gene-CHN1|CHN1,115,230,146,172,256,90,110,227,142,132,210,203,134,267,151,105,205,129
gene-LOC123000638|LOC123000638,0,0,0,0,0,0,0,0,0,0,0,0,0,0,0,0,0,0
gene-LOC113248717|LOC113248717,0,0,0,0,0,0,0,0,0,0,0,0,0,0,0,0,0,0
gene-DYNC1I2|DYNC1I2,742,931,842,1256,772,1110,979,1084,823,1293,1127,1042,925,929,1248,803,1013,1017
gene-OLA1|OLA1,207,287,219,283,148,253,226,297,168,264,304,306,253,264,324,219,274,288
gene-LOC125281318|LOC125281318,0,0,0,0,0,0,0,0,0,0,0,0,0,0,0,0,0,0
gene-KLF7|KLF7,227,387,275,342,414,314,251,427,348,378,461,386,293,365,292,294,308,351
nbis-pseudogene-2105|LOC113263356,0,0,0,0,0,0,0,0,0,0,0,0,0,0,0,0,0,0
gene-COPS7B|COPS7B,84,96,88,88,127,65,85,125,62,103,101,60,89,126,95,84,116,83
gene-SCG2|SCG2,0,0,0,0,0,0,0,0,0,0,0,0,0,0,0,0,0,0
gene-DLX1|DLX1,0,0,0,0,0,0,0,0,0,0,0,0,0,0,0,0,0,0
gene-DGKD|DGKD,120,117,268,77,179,126,118,182,120,98,136,109,100,106,149,86,118,138
gene-CTLA4|CTLA4,0,0,0,0,0,0,0,0,0,0,0,0,0,0,0,0,0,0
gene-CNTNAP5|CNTNAP5,10,23,29,28,31,16,0,22,9,18,28,37,16,12,16,19,0,23
gene-MYO7B|MYO7B,0,9,9,10,18,15,0,5,0,0,0,0,0,0,13,0,30,14
gene-LOC113250934|LOC113250934,0,0,0,0,0,0,0,0,0,0,0,0,0,0,0,0,0,0
gene-UBE2F|UBE2F,124,135,115,173,213,146,141,240,154,213,177,186,140,177,175,176,174,162
gene-LOC123001649|LOC123001649,0,0,0,0,0,0,0,0,0,0,0,0,0,0,0,0,0,0
nbis-pseudogene-2117|LOC113263374,0,0,0,0,0,0,0,0,0,0,0,0,0,0,0,0,0,0
nbis-pseudogene-615|LOC113248923,2,4,2,0,4,3,4,9,3,0,2,4,0,0,1,3,0,5
gene-BOK|BOK,172,40,180,96,50,76,115,103,73,160,105,80,135,90,73,152,114,68
gene-HES6|HES6,7,1,12,0,13,0,5,8,0,7,9,4,4,4,7,0,16,7
gene-NRP2|NRP2,448,923,679,233,643,838,359,1894,759,440,2314,818,425,1058,697,242,1152,599
gene-ZRANB3|ZRANB3,42,122,70,92,104,93,82,107,50,95,111,97,99,131,120,76,112,95
gene-B3GALT1|B3GALT1,49,28,43,58,22,74,36,35,23,60,42,35,35,25,23,17,32,24
nbis-pseudogene-764|LOC113250928,0,1,0,0,0,0,0,0,0,0,0,0,3,1,0,0,0,0
gene-LOC113250378|LOC113250378,0,0,0,0,0,0,0,0,0,0,0,0,0,0,0,0,0,0
gene-LOC125281345|LOC125281345,4,0,4,6,0,3,6,14,0,0,13,0,0,15,14,0,7,0
gene-LOC123000127|LOC123000127,10,5,13,10,16,14,12,15,4,4,18,14,5,10,6,8,10,8
gene-CUNH2orf69|CUNH2orf69,38,28,28,34,10,43,20,36,16,19,27,24,36,28,42,26,30,27
gene-FKBP7|FKBP7,33,35,10,60,24,33,54,26,39,48,24,30,48,56,45,57,34,25
gene-SNED1|SNED1,130,152,323,141,257,212,160,239,132,184,225,88,202,203,194,139,164,203
gene-LOC113263511|LOC113263511,0,0,0,0,0,0,0,0,0,0,0,0,0,0,0,0,0,0
gene-LOC125281304|LOC125281304,0,0,3,0,0,0,0,0,0,0,0,0,0,0,0,0,0,0
gene-LOC113250866|LOC113250866,19,5,28,34,14,18,16,50,44,24,9,12,33,33,56,9,9,19
gene-ZNF385B|ZNF385B,0,0,0,0,0,0,0,0,0,0,0,0,0,8,0,0,0,0
gene-CERKL|CERKL,0,0,0,0,0,0,0,0,0,0,0,0,0,0,0,0,0,0
gene-SPAG16|SPAG16,63,90,65,72,59,106,86,74,82,95,91,86,74,63,93,44,88,72
gene-LOC113250940|LOC113250940,0,0,0,0,0,0,0,0,0,0,2,0,0,0,0,0,0,0
gene-MAP3K2|MAP3K2,694,861,660,697,862,868,674,1387,713,879,983,666,844,945,963,681,897,856
gene-STAT1|STAT1,631,823,729,744,552,542,531,730,459,734,712,678,663,838,779,698,656,533
gene-HS6ST1|HS6ST1,115,89,140,149,185,104,151,158,76,180,135,141,125,151,119,115,117,108
gene-IWS1|IWS1,239,235,236,276,180,228,244,212,163,152,178,181,177,211,255,159,166,264
gene-LOC125281354|LOC125281354,0,6,0,0,3,0,0,6,5,4,0,8,0,7,5,0,0,0
gene-TANK|TANK,315,364,463,446,246,367,300,500,315,412,350,371,403,411,461,281,309,331
gene-LOC113250948|LOC113250948,0,0,0,0,0,0,0,0,0,0,0,0,0,0,0,0,0,0
nbis-pseudogene-2905|LOC123000460,6,9,4,4,2,3,4,10,10,14,14,6,12,25,8,5,11,3
gene-LOC113250611|LOC113250611,61,53,62,86,35,27,56,43,20,32,43,41,71,41,35,35,53,32
gene-FARSB|FARSB,235,238,273,367,181,214,277,295,193,343,249,255,306,262,302,379,245,227
gene-METTL21A|METTL21A,254,429,341,344,414,398,386,551,294,457,649,380,341,450,492,250,528,407
gene-LOC113248429|LOC113248429,0,0,0,0,0,0,0,2,0,0,0,0,0,0,0,0,0,0
gene-LIMS2|LIMS2,133,182,219,118,180,127,147,153,207,149,256,159,138,147,217,113,148,243
gene-CRYBA2|CRYBA2,0,0,0,0,0,0,0,0,0,0,0,0,0,0,0,0,0,0
gene-LOC113250431|LOC113250431,78,41,5,12,39,13,12,61,19,20,58,31,0,51,32,0,23,0
gene-LOC113250605|LOC113250605,0,0,0,0,0,3,6,0,0,0,0,5,0,0,0,0,0,0
gene-SP140|SP140,157,247,220,215,267,246,199,294,138,252,225,190,177,245,251,178,271,182
gene-MTERF4|MTERF4,26,33,34,33,37,19,43,37,21,28,24,28,29,28,24,31,36,59
gene-SCRN3|SCRN3,45,29,49,61,30,53,56,59,37,61,35,57,59,49,62,59,60,61
gene-LOC113250299|LOC113250299,4,0,12,8,11,0,16,0,5,18,9,6,0,11,7,0,7,0
gene-COPS8|COPS8,68,117,99,130,123,63,87,144,98,96,118,104,76,115,105,86,91,123
gene-LOC113250514|LOC113250514,8,16,13,15,26,6,12,13,8,27,21,7,9,19,28,5,16,13
gene-SLC40A1|SLC40A1,645,225,398,386,260,274,190,354,261,267,463,255,375,294,367,431,266,274
nbis-pseudogene-2103|LOC113263354,0,0,0,0,6,5,0,0,0,5,6,9,6,0,8,0,6,0
gene-LOC113250763|LOC113250763,2,3,9,0,5,5,2,2,9,4,9,3,4,3,6,0,7,0
gene-MYL1|MYL1,12,26,8,14,42,23,23,24,19,37,28,23,22,13,26,26,33,27
gene-SLC16A14|SLC16A14,38,82,126,42,58,100,40,159,116,58,311,147,103,141,143,23,119,147
gene-LOC113250973|LOC113250973,0,1,1,0,2,0,0,1,1,3,0,0,0,2,2,2,4,0
gene-EVX2|EVX2,0,0,0,0,0,0,0,0,0,0,0,0,0,0,0,0,0,0
gene-LOC123000637|LOC123000637,15,26,17,33,6,31,16,32,17,29,15,11,7,23,35,3,17,22
nbis-pseudogene-2121|LOC113263394,0,0,0,0,0,0,0,0,0,0,0,0,0,0,0,0,0,3
gene-LOC113250469|LOC113250469,42,7,12,15,6,12,12,11,21,20,14,16,28,9,17,31,0,35
nbis-pseudogene-2124|LOC113263402,0,0,0,0,0,0,0,0,0,0,0,0,0,0,0,0,0,0
gene-NIFK|NIFK,227,139,169,191,98,144,145,184,107,237,115,143,197,178,206,155,182,127
gene-BAZ2B|BAZ2B,727,831,706,730,587,616,551,609,493,711,769,663,661,670,817,516,591,588
gene-ORMDL1|ORMDL1,119,83,76,78,87,104,74,97,68,87,82,71,115,90,104,87,58,94
nbis-pseudogene-556|LOC113248178,0,0,0,0,0,0,0,0,0,0,0,0,0,0,0,0,0,0
nbis-pseudogene-2926|LOC123000674,0,0,0,0,0,0,0,0,0,0,0,0,0,0,0,0,0,0
gene-LOC113250952|LOC113250952,0,0,0,0,0,0,0,0,0,0,0,0,2,0,0,0,0,0
nbis-pseudogene-2923|LOC123000662,0,2,2,0,0,0,1,0,0,0,0,0,0,0,0,0,2,0
gene-LOC113250613|LOC113250613,12,8,9,5,7,0,11,6,9,11,4,8,12,10,7,7,0,9
gene-NMUR1|NMUR1,0,0,0,0,0,0,0,0,0,0,0,0,0,0,0,0,0,0
gene-AGFG1|AGFG1,241,246,249,349,310,325,300,381,350,308,303,284,364,347,380,281,332,400
gene-ABCA12|ABCA12,95,0,3,9,0,0,0,3,0,0,5,0,10,0,0,4,0,0
gene-STEAP3|STEAP3,132,117,223,232,158,63,125,137,95,149,159,134,142,161,118,87,125,132
gene-NEU4|NEU4,0,0,0,0,0,0,0,0,0,0,0,0,0,0,0,0,0,0
gene-TMEM169|TMEM169,0,0,0,0,0,0,0,0,0,0,4,0,0,0,0,0,0,0
gene-SLC4A3|SLC4A3,13,0,12,17,11,0,6,0,5,14,0,21,20,17,7,0,0,23
gene-LOC113250982|LOC113250982,0,3,1,2,1,0,4,3,1,0,1,2,2,3,2,2,0,4
gene-IHH|IHH,0,0,0,0,0,0,0,0,0,0,0,0,0,0,0,0,0,0
nbis-pseudogene-515|LOC113247955,0,0,0,0,0,0,0,0,0,0,0,0,0,2,0,0,0,0
gene-BMPR2|BMPR2,535,659,623,720,715,560,595,965,566,820,815,687,676,828,810,623,750,695
gene-LOC113249396|LOC113249396,1494,997,1726,2095,1108,942,1420,1356,1024,1539,1314,1487,1514,1261,1715,1599,1156,1449
gene-TMBIM1|TMBIM1,1807,905,1629,1443,957,1139,1331,1341,1033,1210,1365,1202,1380,1166,1390,1576,1123,1579
nbis-pseudogene-742|LOC113250350,0,0,0,0,0,0,0,0,0,0,0,0,0,0,0,0,0,0
gene-NFE2L2|NFE2L2,407,366,486,604,297,435,492,429,418,671,365,427,493,444,639,564,395,495
gene-SCTR|SCTR,0,0,0,0,0,0,0,0,0,0,0,0,0,0,0,0,0,0
gene-GALNT5|GALNT5,12,20,0,38,18,34,45,16,40,50,32,19,38,55,28,54,26,22
gene-FIGN|FIGN,85,86,128,99,129,129,96,79,71,60,94,30,68,61,126,37,39,126
gene-CNPPD1|CNPPD1,164,88,134,83,111,67,101,145,68,59,148,79,57,121,90,78,91,80
nbis-pseudogene-748|LOC113250570,17,39,22,26,13,17,22,32,15,24,27,30,19,16,29,20,19,21
gene-DPP4|DPP4,254,180,159,433,215,440,448,316,555,262,174,284,305,468,591,201,204,318
gene-LOC113250621|LOC113250621,29,21,32,33,5,42,19,27,28,31,18,12,45,31,29,52,15,52
gene-UBE2E3|UBE2E3,104,141,128,131,146,136,115,186,146,148,197,174,126,184,180,128,175,165
nbis-pseudogene-565|LOC113248301,0,0,0,0,0,0,0,0,0,0,0,0,0,0,0,0,0,0
gene-LOC113250930|LOC113250930,0,2,1,2,1,0,1,1,0,1,2,1,0,1,0,0,0,0
gene-ATG16L1|ATG16L1,134,140,145,168,173,162,154,240,97,156,136,116,122,158,141,126,187,156
nbis-pseudogene-765|LOC113250929,0,0,0,0,0,0,0,0,0,0,0,0,0,0,0,0,0,0
nbis-pseudogene-2102|LOC113263353,0,3,0,0,0,0,0,3,0,0,0,0,0,4,0,0,0,4
gene-KCNH7|KCNH7,0,0,0,0,0,0,0,0,0,0,0,0,0,0,0,0,0,0
gene-LOC113250773|LOC113250773,72,106,162,76,99,71,45,159,48,75,122,61,53,83,57,52,123,88
gene-TRNAR-CCU-20|TRNAR-CCU,0,0,0,0,0,0,0,0,0,0,0,0,0,0,0,0,0,0
gene-ACTR3|ACTR3,442,510,568,751,408,534,629,597,538,850,688,631,594,638,723,556,501,608
gene-RAPH1|RAPH1,126,231,159,252,313,292,261,437,299,485,342,279,317,498,370,229,299,304
gene-LOC113250950|LOC113250950,1,1,0,0,0,2,0,0,0,0,0,0,1,0,0,0,0,1
nbis-pseudogene-2133|LOC113263506,0,0,0,0,0,0,0,0,0,0,0,0,0,0,0,0,0,0
gene-ICOS|ICOS,8,6,0,7,0,0,0,0,0,0,0,0,7,0,0,8,0,0
gene-LOC113250807|LOC113250807,0,0,0,0,0,0,0,0,0,0,0,0,0,0,0,0,0,0
gene-PDE1A|PDE1A,246,281,343,329,245,388,302,310,259,217,289,257,405,318,453,245,256,489
gene-IRS1|IRS1,164,95,147,149,262,181,175,171,205,117,141,154,213,175,130,156,171,153
gene-LOC113250528|LOC113250528,30,14,11,17,28,30,20,42,37,28,36,31,19,55,58,41,41,55
gene-LOC113263376|LOC113263376,0,0,0,0,0,0,0,0,0,0,0,0,0,3,11,0,0,0
gene-HECW2|HECW2,122,130,133,124,74,125,114,100,89,69,42,55,55,50,57,44,29,58
gene-LOC113263526|LOC113263526,1,1,1,1,1,1,1,1,1,1,1,1,1,1,1,1,1,1
nbis-pseudogene-497|LOC113247829,0,0,4,2,0,3,5,8,3,3,2,0,4,2,0,5,0,2
gene-DAPL1|DAPL1,34,0,0,0,0,0,0,0,0,6,0,0,0,0,20,0,0,0
gene-HDAC4|HDAC4,120,78,93,94,206,91,93,132,83,103,113,79,121,114,94,84,79,137
gene-RBM44|RBM44,0,0,0,0,0,6,0,0,0,0,0,0,3,0,0,0,0,0
gene-HTR2B|HTR2B,13,23,19,10,22,15,18,29,8,25,21,20,20,25,19,25,18,19
gene-TEX51|TEX51,0,0,0,0,0,0,0,0,0,0,0,0,0,0,0,0,0,0
gene-TRNAA-CGC-5|TRNAA-CGC,0,0,0,0,0,0,0,0,0,0,0,0,0,0,0,0,0,0
gene-NEB|NEB,183,119,73,83,575,0,84,72,68,54,80,91,81,274,86,64,102,41
gene-IKZF2|IKZF2,62,30,23,101,16,48,53,17,38,65,49,27,80,53,47,64,24,57
gene-PLCL1|PLCL1,167,137,230,183,69,125,123,43,142,153,121,207,201,109,186,181,104,266
gene-RUFY4|RUFY4,185,222,340,366,377,212,326,269,139,196,288,391,142,152,202,142,199,195
gene-CAB39|CAB39,230,314,294,364,310,319,305,586,339,375,414,387,274,367,490,187,374,312
nbis-pseudogene-538|LOC113248083,0,0,0,0,0,0,0,0,0,0,0,0,0,0,0,0,0,0
gene-LOC123000684|LOC123000684,3,5,3,8,0,11,0,0,3,5,3,9,6,0,7,3,0,4
gene-WIPF1|WIPF1,257,201,237,123,382,126,263,228,425,346,532,392,273,394,555,240,365,141
gene-LOC125281313|LOC125281313,1,0,2,2,0,0,2,0,0,2,0,0,3,3,3,7,0,2
gene-NBEAL1|NBEAL1,833,1254,986,1026,853,1072,979,1103,794,977,1134,949,1091,1217,1083,922,981,999
gene-LOC123001651|LOC123001651,8,16,4,5,13,0,6,0,4,9,15,17,10,0,9,11,16,4
gene-LOC123000676|LOC123000676,0,0,0,0,4,0,0,5,0,0,0,0,0,0,0,0,0,0
nbis-pseudogene-519|LOC113247993,0,0,0,0,0,0,0,0,0,0,0,0,0,0,0,0,0,0
gene-ARHGAP15|ARHGAP15,9,18,18,26,11,0,6,19,14,12,9,10,24,31,24,9,16,14
nbis-pseudogene-665|LOC113249215,0,0,0,0,0,0,0,0,0,0,1,2,0,0,3,0,0,0
gene-WNT10A|WNT10A,0,0,0,0,0,0,0,0,0,0,0,0,0,0,0,0,0,0
gene-LOC123000686|LOC123000686,0,2,0,0,3,2,0,2,0,2,8,6,0,4,3,0,7,0
gene-LOC113248234|LOC113248234,0,0,0,0,0,0,0,0,0,0,0,0,0,0,0,0,0,0
gene-RPRM|RPRM,0,0,0,0,0,0,5,0,0,3,0,3,0,0,0,0,2,0
gene-LOC113250951|LOC113250951,1,0,0,0,0,0,0,0,0,0,0,0,0,0,1,0,0,0
gene-TNS1|TNS1,6181,5785,9497,7592,11231,7160,10537,8617,6761,6106,10524,6720,5019,5057,10497,4076,6412,12503
nbis-pseudogene-773|LOC113250944,0,0,0,0,0,0,0,0,0,0,0,0,0,0,0,0,0,0
gene-GBX2|GBX2,0,0,0,0,0,0,0,0,0,0,0,0,0,0,0,0,0,0
gene-LOC113250708|LOC113250708,10,0,0,6,0,0,0,0,0,0,0,0,0,0,5,0,0,0
gene-THSD7B|THSD7B,0,0,0,0,0,0,0,0,0,0,0,0,0,0,0,0,0,0
gene-PDCD1|PDCD1,0,0,0,0,0,0,0,0,0,0,0,0,0,0,0,0,0,0
gene-LOC113250521|LOC113250521,6,3,0,0,3,0,0,0,0,0,0,0,0,0,0,0,5,0
gene-LOC113263528|LOC113263528,0,0,0,0,2,0,0,0,0,0,0,0,0,0,0,1,0,0
gene-LOC125281303|LOC125281303,6,7,16,28,23,13,22,12,5,33,13,13,18,22,22,30,11,17
gene-IQCA1|IQCA1,0,0,0,3,0,0,0,6,0,0,0,13,0,0,0,4,0,0
gene-LOC113247897|LOC113247897,0,0,0,0,0,0,0,0,0,0,0,0,0,0,0,0,0,0
gene-FEV|FEV,0,0,0,0,0,0,0,0,0,0,0,0,0,0,0,0,0,0
gene-LOC125281310|LOC125281310,8,28,37,10,10,9,5,15,0,16,14,21,10,14,10,10,23,6
gene-PSMD14|PSMD14,195,152,152,305,118,135,207,201,132,316,192,191,210,167,190,223,167,187
gene-DLX2|DLX2,0,0,0,0,0,0,0,0,0,0,0,0,0,0,0,0,0,0
gene-LOC113249225|LOC113249225,9,0,0,0,0,0,3,0,0,0,0,0,0,0,0,0,0,0
gene-SPP2|SPP2,599,651,556,688,845,1382,470,1281,796,667,1117,884,473,1684,1046,483,1567,607
gene-LOC125281333|LOC125281333,0,0,0,4,0,0,0,0,0,0,0,0,0,0,0,0,0,0
gene-LOC125281342|LOC125281342,21,37,46,32,36,30,35,47,41,43,33,49,14,29,42,29,35,24
gene-FTCDNL1|FTCDNL1,0,0,0,2,0,6,0,0,0,0,6,0,0,0,0,0,0,0
gene-LOC113263400|LOC113263400,3,0,12,0,0,2,4,2,0,11,7,7,11,2,11,14,1,7
nbis-pseudogene-584|LOC113248401,0,0,0,0,0,0,0,0,0,0,0,0,0,0,0,0,0,0
gene-SLC11A1|SLC11A1,0,5,0,0,13,7,0,2,5,0,4,0,7,16,0,0,0,0
gene-MRPL44|MRPL44,71,88,83,91,85,68,78,149,63,134,114,70,108,76,101,115,74,68
gene-GPR39|GPR39,0,37,12,0,122,19,5,85,13,13,39,19,0,34,5,6,39,5
nbis-pseudogene-2116|LOC113263373,0,0,0,0,0,0,0,0,0,0,0,0,0,0,0,0,0,0
gene-TMEM185B|TMEM185B,78,52,59,79,33,40,62,69,43,85,54,38,46,52,79,74,45,88
gene-LOC113263387|LOC113263387,9,20,0,4,12,8,5,15,16,10,35,13,2,15,9,0,20,13
gene-LOC113250661|LOC113250661,0,0,0,0,0,0,0,0,0,0,0,0,0,0,0,0,0,0
gene-LOC125281306|LOC125281306,0,0,0,0,0,0,0,0,0,0,0,0,0,0,0,0,0,0
gene-PNKD|PNKD,16,0,8,5,15,8,5,10,11,7,0,0,9,15,6,0,14,20
gene-LOC113250827|LOC113250827,12,29,17,0,21,82,32,21,76,19,12,54,23,152,55,19,45,30
gene-LOC123000671|LOC123000671,0,0,0,0,0,0,0,0,0,0,0,0,0,0,0,0,0,0
gene-MLPH|MLPH,11,17,21,11,42,0,10,32,12,0,23,13,6,24,15,0,25,0
gene-CFAP221|CFAP221,0,4,0,0,0,0,0,0,0,0,13,2,2,0,0,0,5,0
gene-LOC113250675|LOC113250675,0,4,0,0,0,0,0,0,0,0,4,0,5,0,0,0,0,4
gene-PAX3|PAX3,0,0,0,7,0,0,0,0,0,0,0,0,0,0,0,0,0,0
gene-GPR17|GPR17,29,39,54,52,61,53,37,57,50,56,75,50,36,57,67,26,50,65
gene-EFHD1|EFHD1,184,83,63,33,98,40,57,121,88,53,111,79,48,102,73,34,74,39
gene-COL4A3|COL4A3,8,56,30,26,51,20,13,40,9,46,55,36,6,18,16,10,13,14
gene-KIF5C|KIF5C,0,0,6,0,11,10,10,6,9,6,12,10,0,0,13,3,0,5
nbis-pseudogene-767|LOC113250936,0,0,0,0,0,0,0,0,0,0,0,0,0,0,0,0,0,0
gene-HOXD10|HOXD10,0,0,0,0,3,0,0,0,0,2,0,0,0,0,0,0,7,0
gene-HOXD3|HOXD3,0,0,0,0,0,0,0,0,0,0,0,0,0,0,2,0,0,0
nbis-pseudogene-775|LOC113250965,0,0,0,0,0,0,0,0,0,0,0,0,0,0,0,0,0,0
gene-LOC125281295|LOC125281295,25,0,0,0,0,0,0,0,0,0,0,0,0,0,0,0,0,0
gene-GPR155|GPR155,93,134,143,199,47,196,127,120,128,174,193,107,176,184,159,86,80,120
gene-MREG|MREG,209,65,39,62,76,105,56,172,64,333,162,196,144,198,179,97,129,89
gene-SP110|SP110,38,64,51,81,53,43,38,60,21,59,69,74,26,61,50,37,68,47
gene-ITGB6|ITGB6,0,0,0,0,0,0,0,0,0,0,0,0,0,0,0,0,0,0
gene-LOC113263443|LOC113263443,0,0,0,0,0,0,0,8,0,0,0,0,4,0,5,0,0,0
gene-SCN9A|SCN9A,0,0,0,0,0,0,0,0,0,0,5,0,0,0,0,0,0,0
gene-LOC113250969|LOC113250969,0,0,0,0,0,0,0,0,0,0,0,0,0,0,0,0,0,0
gene-KANSL1L|KANSL1L,331,392,394,345,348,348,305,484,307,309,393,292,318,368,352,295,366,300
gene-PPIL3|PPIL3,133,102,144,116,73,121,100,158,87,148,121,66,93,133,118,136,97,130
gene-RIF1|RIF1,386,668,500,504,513,545,351,771,541,385,534,436,416,716,570,338,497,428
nbis-pseudogene-776|LOC113250967,0,0,0,0,0,0,0,0,0,0,0,0,0,0,0,0,0,0
nbis-pseudogene-756|LOC113250791,0,0,0,0,0,0,0,0,0,0,0,0,0,0,0,0,0,0
gene-GPC1|GPC1,173,109,200,204,118,84,164,125,61,203,215,195,124,175,132,153,156,140
gene-LOC113263501|LOC113263501,17,16,28,21,32,16,34,13,21,30,23,25,22,29,24,22,19,20
gene-HIBCH|HIBCH,1176,517,872,1843,387,532,792,544,401,1179,555,622,1021,369,583,1421,497,609
gene-CUNH2orf88|CUNH2orf88,13,6,7,5,3,4,6,9,3,1,3,6,2,8,1,5,3,8
gene-TRIP12|TRIP12,1784,1418,2343,2102,1654,1837,1677,1920,1344,1804,1796,1785,1760,1412,2101,1759,1539,2321
gene-LOC123000539|LOC123000539,0,0,0,0,0,0,0,0,0,0,0,0,0,0,0,0,0,0
gene-ORC2|ORC2,92,178,109,178,167,120,118,194,128,150,150,140,155,220,139,138,189,135
gene-NOP58|NOP58,117,140,147,137,121,137,128,212,119,195,92,162,120,177,156,96,131,114
gene-LOC125281348|LOC125281348,0,4,0,12,0,7,5,0,0,0,0,0,0,0,0,0,0,5
nbis-pseudogene-2106|LOC113263357,0,0,0,0,0,2,0,3,0,3,0,2,2,2,5,0,2,3
gene-ZC3H15|ZC3H15,255,246,262,350,154,240,198,270,178,280,183,265,260,224,338,201,215,251
gene-ING5|ING5,80,61,84,83,60,67,61,87,67,78,54,49,46,85,62,62,43,58
nbis-pseudogene-751|LOC113250588,0,4,0,0,0,0,0,2,0,1,0,0,2,2,2,0,0,4
gene-UPP2|UPP2,0,0,0,0,0,0,0,0,0,0,0,0,0,0,0,0,0,0
gene-TMEM163|TMEM163,6,11,5,0,3,0,12,0,10,4,26,6,8,6,0,11,10,9
gene-LOC113250921|LOC113250921,0,0,0,0,0,0,0,0,0,0,0,0,0,0,0,0,0,0
gene-NEUROD1|NEUROD1,0,0,0,0,0,0,0,0,0,0,0,0,0,0,0,0,0,0
gene-NPPC|NPPC,0,0,0,0,0,0,0,0,0,0,0,0,0,0,0,0,0,0
gene-SAP130|SAP130,88,118,117,102,199,98,105,233,113,118,171,91,93,110,154,83,156,127
nbis-pseudogene-552|LOC113248137,0,0,4,4,0,0,0,0,0,0,0,0,0,0,0,0,0,0
gene-TMEM237|TMEM237,180,207,177,196,164,223,188,178,158,194,226,203,244,278,226,221,187,195
gene-CRYGB|CRYGB,0,0,0,0,0,0,0,0,0,0,0,0,0,0,0,0,0,0
gene-LOC113250369|LOC113250369,13,14,9,16,11,14,24,16,24,8,22,25,14,12,16,9,8,16
gene-ITGA4|ITGA4,38,41,43,37,16,16,21,27,29,38,13,27,25,57,41,38,24,29
gene-SPC25|SPC25,0,0,0,4,0,0,0,0,0,0,0,2,0,0,0,0,0,0
gene-CPS1|CPS1,0,0,0,0,0,0,0,0,0,0,35,0,0,0,0,0,0,0
gene-LRP1B|LRP1B,5,7,6,0,6,25,22,6,11,44,5,15,7,6,15,37,6,21
gene-CHRNA1|CHRNA1,11,14,45,10,10,9,15,17,8,7,32,19,18,18,18,16,15,12
gene-AP1S3|AP1S3,7,9,0,7,14,0,12,7,9,10,16,9,5,12,19,9,6,6
gene-DPP10|DPP10,0,0,0,0,0,0,0,0,0,0,0,0,0,0,0,0,0,2
gene-CCDC141|CCDC141,195,571,322,300,498,423,335,650,384,248,473,338,229,1107,381,230,769,320
gene-LOC113248248|LOC113248248,10,0,18,0,0,0,8,5,8,0,6,0,8,5,9,0,5,0
gene-ATG4B|ATG4B,225,129,238,191,163,121,177,125,122,154,171,170,178,152,160,153,114,149
gene-LOC113250706|LOC113250706,3,0,8,3,0,0,0,20,0,0,6,0,0,0,8,0,0,0
gene-G6PC2|G6PC2,0,0,0,0,0,0,0,0,0,0,0,0,0,0,0,0,0,0
gene-LOC113250467|LOC113250467,256,188,332,261,219,197,213,242,140,225,246,214,179,194,199,188,224,192
gene-LOC113250912|LOC113250912,0,0,0,0,0,0,0,0,0,0,0,0,0,0,0,0,0,0
nbis-pseudogene-2107|LOC113263358,0,0,0,0,0,0,0,0,0,0,0,0,0,0,0,0,0,0
gene-LOC123000518|LOC123000518,0,0,0,0,0,0,0,0,0,0,0,0,0,0,0,0,0,0
gene-FASTKD2|FASTKD2,75,99,114,105,93,67,93,126,60,109,83,87,102,104,94,90,85,77
gene-AGXT|AGXT,0,0,0,0,0,0,0,0,0,0,0,0,0,0,0,0,0,0
gene-LOC113250977|LOC113250977,0,0,0,0,0,0,1,0,0,0,0,0,0,0,0,0,0,0
gene-NCKAP1|NCKAP1,641,1317,919,1075,1182,946,890,1540,1110,1336,1420,1143,1071,1270,1254,880,1152,1081
gene-LOC123000517|LOC123000517,0,0,0,0,0,0,0,0,0,0,0,0,0,0,0,0,0,0
gene-B3GNT7|B3GNT7,4,0,0,0,0,4,0,4,0,0,3,0,0,8,4,0,0,4
nbis-pseudogene-770|LOC113250939,0,0,0,0,0,0,0,0,0,0,0,0,0,0,0,0,0,0
gene-LOC123000663|LOC123000663,0,0,0,0,0,0,0,0,0,0,0,0,0,0,0,0,0,0
gene-LOC125281331|LOC125281331,7,0,16,11,0,5,0,0,0,16,15,8,18,11,13,0,5,15
gene-LOC113248770|LOC113248770,0,0,0,0,0,0,6,0,0,6,0,0,0,0,0,5,0,0
gene-LOC113248734|LOC113248734,0,0,0,0,0,0,0,0,0,0,0,0,0,0,0,0,0,0
gene-LY75|LY75,538,1166,1196,562,839,1034,787,1467,919,767,1361,1254,850,1445,1348,554,1385,1043
gene-SESTD1|SESTD1,991,1377,842,1002,1199,1319,866,1622,1582,797,1355,986,712,2027,1170,509,1698,1082
gene-LYPD6B|LYPD6B,0,0,0,0,0,6,0,0,0,5,0,0,0,4,6,0,0,0
gene-LOC113250931|LOC113250931,1,1,0,0,0,2,0,2,1,0,2,0,0,0,0,0,1,2
gene-IDH1|IDH1,1312,715,1011,1507,719,1251,1150,1204,728,2033,1549,1138,1258,961,1120,1745,1110,1250
nbis-pseudogene-619|LOC113248963,0,0,0,0,5,0,0,0,0,0,0,0,0,3,0,0,0,0
gene-LOC113250954|LOC113250954,0,2,0,0,0,0,0,0,0,0,0,0,0,0,0,0,0,0
nbis-pseudogene-768|LOC113250937,2,0,0,0,0,0,0,0,0,0,0,0,1,0,0,0,0,0
gene-GIGYF2|GIGYF2,543,418,557,607,606,427,380,681,365,544,422,442,377,465,568,332,491,494
gene-LOC123000685|LOC123000685,0,0,0,0,0,0,0,0,0,0,0,0,0,0,0,0,0,0
gene-PLCD4|PLCD4,7,0,0,0,21,6,0,15,6,0,7,14,6,18,0,7,8,0
gene-WDSUB1|WDSUB1,98,83,94,96,93,110,97,101,73,80,82,79,102,66,85,82,62,93
gene-CUNH2orf72|CUNH2orf72,0,0,0,0,0,0,0,0,0,0,0,0,0,0,0,0,0,0
gene-LOC113263527|LOC113263527,0,0,0,0,0,0,0,0,0,0,0,0,0,0,0,0,0,0
gene-LOC125281316|LOC125281316,32,56,50,28,22,16,15,46,21,21,36,37,28,30,31,21,43,20
gene-LOC125281339|LOC125281339,4,13,0,13,9,0,7,10,0,0,10,7,0,11,6,5,6,6
nbis-pseudogene-594|LOC113248687,0,0,0,0,0,0,0,0,0,0,0,0,0,0,0,0,0,0
gene-CFLAR|CFLAR,416,673,699,559,417,484,515,612,388,555,605,524,471,537,536,377,416,530
gene-LOC123000655|LOC123000655,0,0,0,0,0,0,0,0,0,0,0,0,0,0,0,0,0,0
gene-ABCB11|ABCB11,2,0,0,0,0,2,0,4,3,1,8,6,0,0,6,0,3,4
nbis-pseudogene-2097|LOC113263341,0,0,0,0,0,0,0,0,0,0,0,0,0,0,0,0,0,0
gene-LOC113250959|LOC113250959,0,0,0,0,0,0,0,0,0,0,0,0,0,0,0,0,0,0
nbis-pseudogene-2125|LOC113263404,0,0,0,0,2,0,0,0,0,0,3,2,0,0,0,0,1,0
gene-LOC113263522|LOC113263522,0,0,0,0,1,0,1,0,0,0,1,2,2,0,2,2,2,1
gene-GORASP2|GORASP2,206,262,308,302,266,139,207,339,207,353,328,292,212,315,295,227,298,279
gene-TLK1|TLK1,237,190,245,270,215,198,215,272,170,203,256,233,248,226,304,163,212,247
gene-LOC123000634|LOC123000634,0,0,4,12,11,0,6,3,5,10,12,12,0,10,16,12,12,16
gene-AMMECR1L|AMMECR1L,190,97,108,145,90,165,146,141,138,145,134,135,171,167,163,152,116,181
gene-CLASP1|CLASP1,286,318,342,336,408,285,283,409,277,323,394,322,295,387,333,210,318,317
gene-MARCHF7|MARCHF7,796,896,783,1041,702,947,747,1147,647,969,1211,761,893,813,1117,830,833,944
gene-LOC123000678|LOC123000678,0,0,0,0,0,0,0,0,0,0,0,0,0,0,0,0,0,0
gene-BBS5|BBS5,0,33,17,29,11,27,20,24,0,24,24,4,18,10,21,33,27,22
gene-LOC113247904|LOC113247904,2,0,0,0,0,0,0,2,0,0,0,0,0,0,0,0,0,0
gene-IFIH1|IFIH1,40,62,95,61,61,44,42,80,33,35,42,40,52,79,44,46,45,39
gene-SPEGNB|SPEGNB,4,0,5,0,8,0,0,0,0,0,9,0,0,5,0,0,0,0
gene-TMEM177|TMEM177,35,16,45,30,32,28,43,30,21,31,43,21,32,41,24,19,15,17
nbis-pseudogene-602|LOC113248779,0,0,0,0,0,0,0,0,0,0,0,0,0,0,0,0,0,0
gene-CCNT2|CCNT2,312,726,370,461,1020,383,344,863,391,560,673,448,366,735,586,322,638,328
gene-FAM237A|FAM237A,0,0,0,0,0,0,0,0,0,0,0,0,0,0,0,0,0,0
gene-LOC113250415|LOC113250415,30,14,18,30,8,21,17,0,11,8,16,22,15,15,15,19,19,29
gene-PRKRA|PRKRA,13,24,15,21,18,24,23,26,10,30,46,22,9,33,22,35,24,19
gene-MAIP1|MAIP1,136,359,172,182,409,141,112,551,100,135,306,202,116,313,188,185,301,138
gene-DNER|DNER,0,0,7,0,3,0,0,4,0,0,9,0,0,9,0,0,0,0
nbis-pseudogene-746|LOC113250563,0,4,0,3,2,1,0,0,0,8,0,0,6,1,0,0,5,0
gene-KCTD18|KCTD18,34,76,92,46,66,66,52,98,35,94,89,68,61,78,65,106,66,62
nbis-pseudogene-2114|LOC113263371,0,0,0,0,0,0,0,0,0,0,0,0,0,0,0,0,0,0
gene-RPL37A|RPL37A,2362,2835,2963,2808,1932,3020,2640,3242,1961,2818,3896,2931,2119,2068,3062,2332,3437,2872
gene-LOC113263367|LOC113263367,0,0,0,0,0,0,0,0,0,0,0,0,0,0,0,0,0,0
gene-STK17B|STK17B,141,82,78,114,32,62,52,116,137,67,66,102,53,81,105,62,49,89
gene-NGEF|NGEF,112,0,0,0,18,0,12,16,14,10,16,21,8,28,23,0,10,17
gene-GAL3ST2|GAL3ST2,0,5,8,0,51,0,10,16,4,0,28,8,0,13,5,0,7,0
gene-PRSS56|PRSS56,0,0,0,0,3,0,0,0,0,0,0,0,0,0,0,0,0,0
gene-LOC113250325|LOC113250325,0,0,0,0,0,0,0,0,0,0,6,0,0,0,0,0,0,0
gene-LOC113263515|LOC113263515,0,1,0,1,0,1,1,3,0,3,0,0,0,0,0,0,0,0
gene-LOC113263518|LOC113263518,0,0,0,0,0,0,0,3,0,0,0,0,0,0,0,0,0,0
gene-TNP1|TNP1,0,0,0,0,0,0,0,0,0,0,0,0,0,0,0,0,0,0
gene-ERICH2|ERICH2,25,30,13,38,5,30,35,31,11,30,30,36,22,17,38,20,33,42
gene-LOC113250875|LOC113250875,16,5,0,40,13,31,20,11,16,21,8,16,15,15,27,19,16,17
gene-COPS9|COPS9,45,50,62,82,56,32,41,90,38,86,63,65,52,49,72,61,78,17
gene-LOC125281321|LOC125281321,0,0,0,0,0,0,0,0,0,3,0,0,0,0,0,0,0,0
gene-RAPGEF4|RAPGEF4,38,40,33,37,22,35,38,26,0,67,16,51,42,70,43,29,37,50
gene-D2HGDH|D2HGDH,106,45,137,112,65,77,99,40,64,50,62,46,59,35,41,95,39,87
nbis-pseudogene-753|LOC113250725,0,0,0,0,0,0,0,0,0,0,0,0,0,0,0,0,0,0
gene-LOC125281326|LOC125281326,3,5,3,9,9,6,6,2,0,6,5,3,6,6,0,3,6,8
nbis-pseudogene-2104|LOC113263355,0,0,0,0,0,0,0,0,0,0,0,0,0,0,0,0,0,0
nbis-pseudogene-503|LOC113247866,0,0,0,0,0,0,0,0,0,0,0,0,0,0,0,0,0,0
gene-SCN7A|SCN7A,43,0,68,23,6,28,4,11,25,15,14,0,70,28,22,41,20,49
gene-CDK15|CDK15,16,16,6,40,20,30,23,19,21,29,24,16,12,32,31,28,9,14
gene-HSPD1|HSPD1,2618,703,2385,2702,419,1568,1541,933,936,2297,1022,1633,2404,872,2234,2524,854,1974
gene-LOC125281353|LOC125281353,25,55,51,51,44,55,54,67,40,57,100,75,46,61,47,56,52,54
gene-MDH1B|MDH1B,0,0,0,3,0,0,0,0,0,5,0,0,0,0,0,0,0,0
gene-ITPRID2|ITPRID2,539,421,737,568,375,503,426,463,371,433,555,503,619,458,601,462,348,595
gene-CXCR1|CXCR1,11,0,0,13,0,0,0,6,5,5,0,6,0,4,3,4,0,0
nbis-pseudogene-649|LOC113249157,0,0,0,0,0,0,0,0,0,0,0,0,0,0,0,0,0,0
gene-CDCA7|CDCA7,0,0,0,0,0,0,0,0,0,0,0,0,0,0,0,0,0,0
nbis-pseudogene-558|LOC113248195,0,0,0,2,0,0,0,2,0,0,0,0,0,0,0,0,0,0
gene-TM4SF20|TM4SF20,0,0,0,0,0,0,0,0,0,0,0,0,0,0,0,0,0,0
gene-PECR|PECR,115,30,83,95,22,69,53,32,31,112,60,47,79,49,68,109,30,45
gene-LOC123000670|LOC123000670,0,0,0,0,0,0,0,0,0,0,0,0,0,0,0,0,0,0
gene-LOC123000633|LOC123000633,0,0,0,6,7,3,8,0,5,0,9,11,8,10,0,0,4,0
gene-CWC22|CWC22,130,179,225,260,149,214,161,236,147,183,190,163,184,189,269,148,195,201
nbis-pseudogene-585|LOC113248408,0,0,0,0,0,0,0,0,0,0,0,0,0,0,0,0,0,0
gene-LOC113263504|LOC113263504,0,0,0,0,0,1,0,0,0,0,0,0,0,0,0,0,0,0
nbis-pseudogene-2123|LOC113263401,0,0,0,0,0,0,0,0,0,0,0,0,0,0,0,0,0,0
gene-TTLL4|TTLL4,42,25,41,36,50,37,39,39,38,29,29,19,23,35,36,18,39,41
gene-GMPPA|GMPPA,82,37,105,109,58,59,82,54,34,89,88,62,73,89,64,91,90,87
gene-ASIC4|ASIC4,0,0,0,0,15,0,0,0,0,0,11,0,0,0,0,0,0,0
gene-ERFE|ERFE,0,0,0,0,0,0,0,0,0,0,0,0,0,0,0,0,0,0
gene-LOC125281301|LOC125281301,114,181,185,190,228,154,163,275,133,177,156,198,127,240,169,135,199,156
gene-RTP5|RTP5,0,0,0,0,0,0,0,0,0,0,0,0,0,0,0,0,0,0
gene-TRAK2|TRAK2,563,292,324,478,177,373,365,286,388,327,265,328,413,362,440,367,254,351
gene-GLI2|GLI2,26,18,12,22,25,4,19,13,28,12,10,10,15,20,13,12,15,9
gene-PIKFYVE|PIKFYVE,343,320,417,400,343,324,321,445,278,353,368,343,337,377,369,299,330,379
gene-TBR1|TBR1,0,0,0,0,0,0,0,0,0,0,0,0,0,0,0,0,0,0
gene-SMARCAL1|SMARCAL1,108,116,120,161,85,113,125,111,100,138,139,146,112,142,117,111,127,117
gene-LANCL1|LANCL1,411,662,577,633,473,534,489,611,439,547,709,545,512,537,631,591,608,648
gene-TRNAV-UAC-7|TRNAV-UAC,0,0,0,0,0,0,0,0,0,0,0,0,0,0,0,0,0,0
gene-ARPC2|ARPC2,423,618,534,604,523,416,548,827,435,634,735,613,430,796,618,452,633,478
gene-C2CD6|C2CD6,19,51,26,24,37,42,16,39,38,11,40,16,24,62,25,44,55,36
gene-LOC113249761|LOC113249761,9,0,3,7,3,6,6,4,0,3,2,0,8,2,5,9,4,5
gene-TANC1|TANC1,212,387,742,236,426,299,217,460,181,268,385,333,213,371,256,194,306,315
gene-CCDC93|CCDC93,370,362,582,378,385,500,383,604,460,456,521,452,340,435,523,354,420,533
gene-LOC113250542|LOC113250542,21,14,8,18,5,32,0,0,18,0,0,28,0,20,0,11,10,21
gene-LOC125281296|LOC125281296,0,0,0,0,0,0,0,0,0,0,0,0,0,0,0,0,0,0
nbis-pseudogene-2925|LOC123000672,0,0,0,0,0,0,0,0,2,0,0,0,0,3,0,0,0,0
gene-LOC123000659|LOC123000659,0,4,0,0,0,0,4,0,0,5,0,3,3,0,0,0,0,0
gene-LOC113250974|LOC113250974,0,0,0,0,0,0,0,0,0,0,0,0,0,0,0,0,0,0
gene-USP37|USP37,168,225,176,194,190,180,142,290,149,191,191,141,191,217,243,154,199,183
gene-LOC123000523|LOC123000523,0,7,0,0,10,0,0,4,0,5,5,0,3,0,0,0,6,0
gene-STRADB|STRADB,166,60,107,93,26,79,58,89,48,58,84,57,72,72,67,86,62,93
nbis-pseudogene-611|LOC113248890,0,0,0,0,0,0,0,0,0,0,0,0,0,0,0,2,0,0
gene-GTDC1|GTDC1,80,69,123,95,72,68,117,88,54,104,92,110,103,82,129,90,87,94
gene-LOC113250326|LOC113250326,3,0,0,0,0,0,0,0,0,0,0,0,0,0,0,0,2,0
gene-ARL5A|ARL5A,189,197,219,210,193,244,176,244,207,270,230,205,199,233,251,190,155,281
nbis-pseudogene-2099|LOC113263348,0,0,0,0,0,0,0,0,0,0,0,0,0,0,0,0,0,0
gene-MTX2|MTX2,97,194,116,154,124,102,98,173,78,153,175,137,117,141,120,107,116,100
nbis-pseudogene-2101|LOC113263352,2,0,2,2,0,0,0,2,0,0,1,2,0,0,0,0,0,0
gene-INO80D|INO80D,410,578,492,526,684,417,433,749,497,602,551,551,493,704,468,360,519,423
gene-DARS1|DARS1,502,707,601,867,522,795,767,876,609,998,865,951,744,745,910,705,864,931
nbis-pseudogene-769|LOC113250938,0,0,0,0,0,0,0,0,0,0,0,0,0,0,0,0,0,0
gene-CARF|CARF,134,269,238,234,205,225,200,216,146,193,227,187,187,250,231,167,221,232
gene-WDFY1|WDFY1,276,271,371,310,348,320,279,391,291,392,379,276,324,335,348,263,281,328
nbis-pseudogene-759|LOC113250839,0,0,0,0,0,0,0,0,0,0,0,0,0,0,0,0,0,0
gene-LOC113250508|LOC113250508,25,39,31,76,36,46,49,75,22,63,58,74,49,64,51,44,58,45
gene-LOC113250955|LOC113250955,0,0,0,0,0,0,0,0,0,0,0,0,0,0,0,0,0,0
gene-DES|DES,15,18,48,35,121,43,51,29,15,48,38,31,77,11,14,37,33,20
nbis-pseudogene-743|LOC113250417,0,0,0,0,0,0,0,0,0,0,0,0,0,0,0,0,0,0
gene-ALPI|ALPI,0,0,0,0,0,0,0,0,0,0,0,0,2,0,0,0,0,0
gene-CAVIN2|CAVIN2,547,514,952,708,276,832,612,307,463,967,414,774,944,437,901,737,397,946
gene-LOC123000644|LOC123000644,0,0,0,0,0,0,0,0,0,3,0,0,0,0,0,2,0,0
nbis-pseudogene-2111|LOC113263363,0,0,0,0,0,0,0,0,0,0,0,0,0,0,0,0,0,0
gene-TRNAK-UUU-23|TRNAK-UUU,0,0,0,1,0,0,0,0,0,0,0,0,0,0,0,0,0,0
gene-ECEL1|ECEL1,0,0,0,0,0,0,0,0,0,0,0,0,0,0,0,0,0,0
gene-NCKAP5|NCKAP5,25,37,36,63,14,10,9,21,10,68,24,37,11,25,31,33,28,30
nbis-pseudogene-2129|LOC113263470,0,0,0,0,0,0,0,2,0,2,0,0,0,0,0,0,0,0
gene-DOCK10|DOCK10,123,189,166,179,122,103,83,104,141,154,191,120,109,154,186,90,85,91
nbis-pseudogene-511|LOC113247920,0,0,0,0,0,0,0,0,0,0,0,0,0,0,0,0,0,0
gene-ANKZF1|ANKZF1,98,73,110,126,118,94,74,123,65,80,105,73,74,99,83,101,78,87
gene-TMEM198|TMEM198,0,0,0,5,0,0,0,0,0,0,0,0,0,7,0,0,0,0
gene-RBM43|RBM43,96,182,93,92,126,105,70,142,94,106,98,152,86,138,113,94,123,95
nbis-pseudogene-2921|LOC123000651,0,2,3,0,2,0,2,2,0,1,0,2,0,4,4,1,0,1
nbis-pseudogene-569|LOC113248341,0,3,0,3,9,0,5,0,4,3,10,11,0,8,8,1,6,0
gene-LOC113250427|LOC113250427,117,48,123,106,48,49,69,71,45,106,55,76,73,124,52,106,88,63
nbis-pseudogene-779|LOC113250972,0,0,0,0,0,0,0,0,0,0,0,0,0,0,0,0,0,0
gene-GCA|GCA,185,71,153,269,54,101,199,118,141,253,110,127,238,64,145,185,48,121
gene-CDK5R2|CDK5R2,0,0,0,0,0,0,0,0,0,0,0,0,0,0,0,0,0,0
gene-ASB1|ASB1,145,173,156,115,237,121,171,261,115,136,225,130,98,127,132,104,120,151
gene-PER2|PER2,329,273,521,432,591,606,481,676,515,596,353,224,538,499,598,278,420,552
gene-LOC125281309|LOC125281309,0,0,0,0,0,1,0,0,0,0,7,0,0,0,0,0,0,0
gene-BIN1|BIN1,149,195,256,308,319,310,330,239,254,371,324,243,189,273,269,225,232,242
gene-RNPEPL1|RNPEPL1,203,132,285,184,201,87,221,173,103,151,187,143,221,162,164,145,176,182
gene-INHBB|INHBB,11,36,74,23,37,19,28,83,26,56,57,30,14,106,20,6,44,41
gene-LOC113247931|LOC113247931,0,0,3,0,0,0,0,0,0,0,0,0,0,0,0,0,0,3
gene-LOC113249241|LOC113249241,0,0,0,0,3,0,0,0,0,0,0,0,0,0,0,0,0,0
gene-CFAP65|CFAP65,0,0,0,0,0,0,0,0,0,0,0,0,0,0,0,0,0,0
gene-DNAH7|DNAH7,0,0,0,0,0,0,0,0,0,0,0,0,0,0,0,0,0,0
gene-LOC113250976|LOC113250976,0,0,0,0,0,0,0,0,0,0,0,0,0,0,0,0,0,0
gene-CUNH2orf76|CUNH2orf76,25,48,43,48,29,47,43,58,24,58,48,52,44,60,56,50,34,44
gene-PLEKHA3|PLEKHA3,71,187,101,99,186,140,105,203,132,144,166,131,98,185,184,89,193,137
gene-LOC125281312|LOC125281312,0,0,0,0,0,0,0,0,0,0,0,0,0,0,0,0,0,0
gene-KCNJ13|KCNJ13,35,52,47,54,50,23,35,81,17,37,47,27,28,60,44,23,65,45
gene-LOC123000687|LOC123000687,0,4,0,7,0,7,15,5,4,8,10,0,8,8,8,0,0,0
gene-CPO|CPO,0,0,0,0,0,0,0,0,0,0,0,0,0,0,0,0,0,0
gene-DBI|DBI,2508,1292,2517,2934,836,1905,2125,2474,1050,2543,2019,1717,1862,954,2004,2715,1598,1803
gene-PPIG|PPIG,271,390,333,358,298,274,261,447,205,227,394,299,259,283,446,158,341,330
gene-LOC125281300|LOC125281300,17,17,7,9,10,9,9,25,12,10,13,9,5,19,20,11,11,14
gene-LYPD6|LYPD6,12,7,0,0,0,5,0,4,4,0,0,0,3,29,7,0,6,4
gene-PGAP1|PGAP1,100,102,94,77,50,87,78,92,90,83,125,86,122,107,109,90,113,103
gene-MAP3K20|MAP3K20,1037,955,1272,1062,867,891,1081,974,800,1236,1354,1166,976,851,1505,756,911,1149
gene-MAP3K19|MAP3K19,0,0,0,0,0,0,0,0,0,0,0,0,0,0,0,0,0,0
gene-LOC123000485|LOC123000485,7,0,0,0,0,0,0,0,0,0,0,0,0,0,0,0,0,0
gene-SNORC|SNORC,0,0,0,0,2,0,0,0,0,0,0,0,0,0,0,0,0,0
gene-VWC2L|VWC2L,0,0,0,3,0,5,0,3,0,0,0,0,0,0,0,0,0,0
nbis-pseudogene-560|LOC113248259,0,0,0,0,0,0,0,0,0,0,0,0,0,0,0,0,0,0
gene-ASB18|ASB18,0,0,0,0,0,0,0,0,0,0,0,0,0,0,0,0,0,0
nbis-pseudogene-3104|LOC123001648,0,0,0,0,0,0,0,0,0,0,0,0,0,0,0,0,0,0
gene-MAP2|MAP2,32,46,76,29,27,24,20,50,32,0,27,64,21,36,32,20,32,28
gene-LOC113263524|LOC113263524,2,4,2,2,7,2,2,2,3,2,3,2,0,5,0,0,5,2
gene-CERS6|CERS6,415,243,520,580,308,451,584,427,413,494,424,445,508,268,551,427,344,667
gene-LOC113250565|LOC113250565,256,618,481,410,491,503,335,584,366,482,552,498,402,352,558,385,452,551
gene-ZDBF2|ZDBF2,178,231,156,139,142,210,173,284,156,140,251,111,184,161,202,158,173,222
gene-CCNYL1|CCNYL1,82,151,123,121,99,91,116,130,103,196,180,156,93,168,140,112,142,103
gene-CMKLR2|CMKLR2,112,126,63,263,61,251,129,71,278,213,144,138,152,145,257,112,95,132
gene-ZNF142|ZNF142,22,42,48,25,93,37,33,60,36,25,36,12,35,56,33,32,46,38
gene-LOC125281328|LOC125281328,15,37,14,40,27,41,40,69,37,85,45,49,41,72,70,38,38,51
gene-MROH2A|MROH2A,20,0,0,0,0,0,0,0,0,0,0,0,0,0,0,0,0,0
gene-KLHL30|KLHL30,0,0,0,0,0,0,0,0,0,0,0,0,0,0,0,0,0,0
gene-CHRND|CHRND,5,0,4,5,0,5,0,0,0,4,0,0,0,6,7,0,0,8
nbis-pseudogene-2130|LOC113263471,53,81,68,61,52,49,46,85,62,69,72,64,72,98,46,47,82,62
gene-ACMSD|ACMSD,0,4,3,6,7,0,5,6,4,0,9,0,4,0,0,8,3,0
nbis-pseudogene-517|LOC113247985,0,0,0,0,0,0,2,0,0,0,0,0,2,3,0,1,0,0
nbis-pseudogene-745|LOC113250558,0,0,0,0,0,0,0,0,0,0,0,0,0,0,0,0,0,0
gene-COL4A4|COL4A4,0,45,50,27,65,35,15,64,16,83,79,62,22,20,28,17,18,29
gene-TTC21B|TTC21B,193,311,263,249,149,207,197,207,198,163,263,216,258,284,241,204,220,209
nbis-pseudogene-573|LOC113248352,0,0,0,0,0,0,0,0,0,0,0,0,0,0,0,0,0,0
gene-ARL4C|ARL4C,23,15,10,11,14,4,5,20,11,16,21,5,13,14,16,10,9,5
gene-FMNL2|FMNL2,127,238,191,275,255,283,277,253,421,353,292,280,230,408,306,192,338,206
gene-ITGAV|ITGAV,682,536,798,1224,515,808,920,656,612,1189,860,768,963,686,1023,1022,625,1041
gene-NEU2|NEU2,457,0,0,0,0,0,0,0,0,0,0,0,0,0,54,3,0,0
gene-LOC113250924|LOC113250924,0,0,2,3,1,0,2,5,3,3,2,1,0,8,2,0,0,4
gene-LOC123000635|LOC123000635,0,0,0,0,0,0,0,0,0,0,0,0,0,0,0,0,0,0
gene-LOC113250662|LOC113250662,80,142,94,110,124,75,82,144,95,114,140,117,104,148,132,94,94,102
gene-EN1|EN1,30,22,42,19,25,18,20,25,20,20,21,26,16,13,18,22,26,23
gene-NDUFS1|NDUFS1,987,377,589,1118,277,381,582,460,268,961,496,469,873,413,555,1295,333,504
gene-LOC113250922|LOC113250922,9,8,9,8,2,25,14,7,18,11,4,5,6,13,3,5,19,14
gene-PHOSPHO2|PHOSPHO2,31,27,45,46,32,36,28,56,26,40,64,29,26,36,55,36,32,44
gene-TRNAG-GCC-15|TRNAG-GCC,0,0,0,0,0,0,1,0,0,0,0,0,0,0,0,0,0,0
gene-LOC113263507|LOC113263507,0,0,0,0,0,0,0,0,0,0,0,0,0,0,0,0,0,0
gene-FSIP2|FSIP2,0,0,0,0,0,0,0,0,0,0,0,0,0,0,0,0,0,0
gene-ZSWIM2|ZSWIM2,0,0,0,0,0,0,0,0,0,0,0,0,0,0,0,0,0,0
gene-LOC113250375|LOC113250375,17,27,6,155,13,125,151,41,103,38,5,14,82,149,30,94,20,57
gene-MGAT5|MGAT5,129,117,113,177,107,107,71,94,98,96,98,54,120,182,132,75,86,130
gene-LOC113250820|LOC113250820,0,3,0,0,0,0,0,0,0,0,0,0,5,5,0,0,0,0
gene-ANKRD44|ANKRD44,183,229,214,154,230,158,155,228,139,117,239,157,153,209,167,118,182,191
gene-LOC113250981|LOC113250981,0,0,0,0,0,0,0,0,0,0,0,0,0,0,0,0,0,0
gene-ATIC|ATIC,306,246,303,404,277,260,314,346,240,388,298,321,339,388,393,229,338,284
gene-LOC113263414|LOC113263414,0,0,0,0,0,0,0,0,0,0,0,0,0,0,0,0,0,0
gene-TRNAE-CUC-27|TRNAE-CUC,0,0,0,0,0,0,0,0,0,0,0,0,0,0,0,0,0,0
gene-NYAP2|NYAP2,0,0,0,0,0,0,0,0,0,0,0,0,0,0,0,0,0,0
gene-OSBPL6|OSBPL6,78,70,43,97,102,137,78,114,87,126,104,77,122,146,155,107,102,106
gene-LOC123000608|LOC123000608,5,0,8,45,0,21,79,0,19,73,9,61,47,9,40,62,4,52
gene-SP100|SP100,98,197,174,176,187,132,131,149,113,172,154,159,145,178,153,97,164,110
gene-FARP2|FARP2,72,104,79,73,190,79,93,133,63,81,121,98,51,93,97,61,104,112
gene-LOC113249115|LOC113249115,2,2,0,0,0,0,2,2,0,2,0,0,0,0,2,0,0,0
gene-LOC113263384|LOC113263384,84,100,188,229,40,82,108,83,55,134,107,104,182,68,112,148,80,119
nbis-pseudogene-752|LOC113250686,0,0,0,0,0,0,0,0,0,0,0,0,0,0,0,0,0,0
nbis-pseudogene-555|LOC113248166,0,0,0,0,0,0,0,0,0,0,0,0,0,0,0,0,0,0
gene-LOC113248034|LOC113248034,0,0,0,0,0,0,0,0,0,0,0,0,0,0,0,0,0,0
gene-ABCB6|ABCB6,156,148,128,197,199,127,234,161,136,236,162,166,185,181,159,230,165,135
gene-LOC113250836|LOC113250836,273,275,243,673,296,556,640,595,586,373,293,464,475,561,744,443,423,490
gene-POLR2D|POLR2D,201,251,242,250,171,206,195,270,136,220,221,258,232,185,283,202,199,245
gene-LOC113250946|LOC113250946,0,0,0,0,0,0,0,0,0,0,0,0,0,0,0,0,0,0
nbis-pseudogene-583|LOC113248394,0,0,0,0,0,0,0,0,0,0,0,0,0,0,0,0,0,0
gene-METAP1D|METAP1D,29,26,25,41,14,16,15,19,12,46,21,30,39,22,29,41,39,25
gene-RALB|RALB,233,455,431,440,391,418,468,507,338,495,538,499,391,444,563,290,431,442
gene-PDK1|PDK1,968,1160,729,763,569,545,548,882,372,798,1105,696,663,726,772,987,841,637
gene-SAG|SAG,0,13,0,0,20,0,7,0,0,6,0,3,0,0,0,0,0,0
gene-AGPS|AGPS,333,452,401,487,354,384,380,431,341,548,481,396,458,448,458,404,388,413
gene-LOC125281350|LOC125281350,0,0,0,0,0,0,0,0,0,0,0,0,0,0,0,0,0,0
gene-LOC125281340|LOC125281340,19,0,0,0,0,0,0,0,0,0,0,0,0,0,0,0,0,0
nbis-pseudogene-2115|LOC113263372,0,0,0,0,0,0,0,0,0,0,0,0,0,0,0,0,0,0
gene-DYTN|DYTN,0,0,0,0,0,0,0,0,0,0,0,0,0,0,0,0,0,0
nbis-pseudogene-758|LOC113250811,10,58,85,19,51,24,8,53,14,32,72,26,30,13,33,21,20,30
nbis-pseudogene-780|LOC113250978,0,0,0,0,0,0,0,0,0,0,0,0,0,0,0,0,0,0
nbis-pseudogene-559|LOC113248237,0,11,0,6,3,12,19,8,9,4,7,4,8,6,0,7,3,11
gene-NMI|NMI,123,227,157,195,169,160,172,249,117,216,169,162,159,257,167,148,256,159
gene-WDR12|WDR12,108,127,116,159,95,132,137,156,123,117,140,119,147,210,160,122,146,119
gene-ZNF804A|ZNF804A,0,0,0,0,0,0,0,0,0,0,0,0,0,0,0,0,0,0
gene-INHA|INHA,0,2,0,0,0,0,0,4,0,0,0,0,0,0,0,0,0,0
nbis-pseudogene-623|LOC113249029,0,0,0,0,0,0,0,0,0,0,0,0,0,0,0,0,0,0
nbis-pseudogene-774|LOC113250962,0,0,0,0,0,0,0,0,0,0,0,0,0,0,0,0,0,0
nbis-pseudogene-2109|LOC113263360,0,0,0,3,0,0,0,0,0,0,0,0,0,0,0,0,0,0
nbis-pseudogene-2108|LOC113263359,0,0,0,0,0,0,0,0,0,0,0,0,0,0,0,0,0,0
gene-TMEFF2|TMEFF2,0,0,0,10,0,0,0,0,0,0,0,0,0,0,0,0,0,2
gene-LOC123000681|LOC123000681,0,0,0,0,0,0,0,0,0,0,0,0,0,0,0,0,0,0
gene-LOC123000630|LOC123000630,29,24,33,28,45,24,35,22,11,15,36,13,23,18,16,16,30,30
gene-PTMA|PTMA,438,373,703,698,415,431,570,606,463,690,463,580,437,523,669,301,477,387
gene-LOC123001645|LOC123001645,0,0,0,0,0,0,0,0,0,0,0,0,0,0,0,0,0,0
nbis-pseudogene-3103|LOC123001647,0,0,0,0,0,0,0,0,0,0,0,0,0,0,0,0,0,0
gene-LRRFIP1|LRRFIP1,307,386,426,312,424,436,379,499,315,345,410,408,248,456,442,235,334,316
gene-LOC113263523|LOC113263523,0,0,0,0,2,0,2,2,1,0,2,4,0,1,0,1,0,0
gene-MFF|MFF,576,693,635,818,548,765,677,892,524,954,923,903,702,555,874,790,746,714
nbis-pseudogene-612|LOC113248902,0,0,0,0,0,0,0,0,0,0,0,0,0,0,0,0,0,0
gene-ZFAND2B|ZFAND2B,74,37,93,50,45,67,74,62,40,71,77,56,85,51,63,49,63,45
gene-LOC125281320|LOC125281320,0,0,0,0,9,0,0,14,0,0,0,0,0,0,7,0,9,9
gene-XIRP2|XIRP2,0,0,0,0,45,0,0,0,0,0,0,0,0,0,0,0,0,0
gene-GPR55|GPR55,0,0,0,0,0,0,0,0,0,0,0,0,0,0,0,0,0,0
nbis-pseudogene-501|LOC113247851,4,3,3,0,10,0,4,9,0,0,0,0,5,0,4,0,0,0
gene-RHBDD1|RHBDD1,189,220,203,211,303,242,176,393,160,253,305,218,165,306,235,159,315,272
gene-SFT2D3|SFT2D3,5,5,11,5,6,14,10,9,6,3,9,3,4,6,8,4,8,8
gene-LOC113250489|LOC113250489,34,15,0,10,9,10,0,31,0,16,18,12,13,20,6,0,9,6
gene-SGPP2|SGPP2,0,0,0,0,0,0,0,0,0,0,0,0,0,0,0,0,0,0
gene-LOC113250949|LOC113250949,0,0,0,0,0,0,0,0,0,0,0,0,0,0,0,0,0,0
gene-LOC113250627|LOC113250627,570,384,523,778,273,378,501,526,348,787,405,552,537,400,556,577,451,482
nbis-pseudogene-580|LOC113248382,0,0,0,0,0,0,0,0,0,0,0,0,0,0,0,0,0,0
gene-CFAP210|CFAP210,9,0,9,22,0,0,0,11,8,11,15,8,4,19,16,0,13,11
nbis-pseudogene-3265|LOC125281297,0,0,0,0,0,0,0,0,0,0,2,4,3,4,0,0,1,0
gene-AGAP1|AGAP1,293,321,358,384,584,580,458,561,618,481,484,308,372,404,526,262,456,517
gene-MARS2|MARS2,81,102,62,108,63,90,68,95,58,70,90,69,92,85,90,110,74,110
nbis-pseudogene-500|LOC113247844,67,109,75,98,230,81,98,129,113,144,153,124,84,113,141,69,145,73
gene-ICA1L|ICA1L,10,33,7,12,33,26,17,20,8,9,35,21,16,45,18,6,19,10
gene-NAB1|NAB1,243,247,277,255,222,215,210,349,203,262,286,233,255,224,335,214,237,322
gene-STAM2|STAM2,170,222,227,283,207,238,240,311,200,277,228,277,238,217,263,171,207,254
nbis-pseudogene-494|LOC113247811,0,3,3,0,0,4,0,3,2,2,4,0,2,6,4,0,2,4
gene-LOC125281322|LOC125281322,0,0,0,0,0,0,0,0,0,0,0,0,0,0,0,0,0,0
gene-LOC113250957|LOC113250957,0,0,0,0,0,0,0,0,0,0,0,0,0,0,0,0,0,0
nbis-pseudogene-2098|LOC113263345,0,0,0,0,0,0,0,0,2,0,2,0,0,0,0,0,0,0
gene-LOC113250080|LOC113250080,86,228,170,182,297,148,106,253,135,171,224,193,130,273,180,122,265,132
gene-SP9|SP9,0,0,0,0,0,0,0,0,0,0,0,0,0,0,0,0,0,0
gene-LOC113263512|LOC113263512,0,0,0,0,0,0,0,0,0,0,0,0,0,0,0,0,0,0
gene-GULP1|GULP1,96,124,97,89,146,133,87,176,138,120,205,144,97,207,125,78,148,114
gene-ARL6IP6|ARL6IP6,62,71,56,65,59,48,47,97,69,60,78,37,57,56,78,63,63,64
gene-LOC113250691|LOC113250691,0,3,0,0,0,0,0,5,4,0,0,0,0,4,0,0,4,0
gene-HOXD1|HOXD1,0,0,0,0,0,0,0,0,0,0,0,0,0,0,0,0,0,0
gene-CSRNP3|CSRNP3,0,0,0,0,0,0,0,0,0,0,0,0,0,0,0,0,0,0
gene-PSMD1|PSMD1,397,354,296,518,399,248,430,504,316,646,550,387,414,471,476,480,497,395
gene-LOC113250837|LOC113250837,17,27,23,29,15,23,20,9,43,26,23,32,39,69,34,31,17,38
gene-LNPK|LNPK,71,137,109,131,136,137,132,197,82,128,116,128,134,116,150,133,150,123
gene-PLEKHM3|PLEKHM3,214,324,256,263,287,213,164,325,229,223,266,264,188,393,206,189,258,243
gene-DUSP19|DUSP19,12,25,26,26,0,21,8,10,15,15,29,16,30,16,33,27,14,40
gene-CD28|CD28,8,5,4,0,0,0,0,6,0,0,0,0,0,4,0,0,0,0
nbis-pseudogene-2110|LOC113263361,0,0,0,0,0,0,0,0,0,0,0,0,0,0,0,0,0,0
gene-FAM126B|FAM126B,253,382,278,232,494,221,179,639,192,298,346,311,252,386,360,260,368,270
gene-CASP8|CASP8,103,152,131,196,72,126,128,135,128,96,137,91,67,141,127,105,111,103
gene-CASP10|CASP10,186,234,244,181,216,163,179,269,132,200,221,161,145,255,186,202,143,206
gene-TNFAIP6|TNFAIP6,26,38,19,167,35,139,227,159,151,124,33,109,67,180,279,94,49,92
gene-BARD1|BARD1,10,19,12,17,44,12,10,29,11,21,31,15,14,17,19,10,14,12
gene-LOC125281314|LOC125281314,28,182,79,35,146,92,41,72,57,58,184,134,54,79,65,62,127,95
gene-ERMN|ERMN,0,0,0,0,0,0,0,0,0,5,0,0,0,0,0,0,0,0
gene-LOC113250958|LOC113250958,0,0,0,0,0,2,0,0,0,0,1,0,0,0,0,0,0,1
gene-ORC4|ORC4,135,179,95,140,138,155,102,213,129,126,137,125,144,148,133,108,156,120
gene-GALNT3|GALNT3,0,4,0,0,5,0,0,0,5,8,10,0,0,0,0,0,0,0
gene-TRPM8|TRPM8,0,0,0,0,0,0,0,0,0,0,0,0,0,0,0,0,0,0
nbis-pseudogene-546|LOC113248125,0,0,0,0,0,0,0,0,0,0,0,0,0,0,0,0,0,0
gene-IGFBP5|IGFBP5,764,403,290,694,725,265,886,718,435,1365,553,330,667,1303,537,1757,642,459
gene-LOC113250964|LOC113250964,0,0,0,0,0,0,0,1,0,0,1,0,0,0,0,0,0,0
gene-PTH2R|PTH2R,0,0,0,0,6,0,0,0,0,0,0,0,0,0,0,0,0,0
gene-LOC113250933|LOC113250933,0,0,0,0,0,1,2,1,0,0,0,0,0,0,0,0,1,0
nbis-pseudogene-554|LOC113248150,0,3,0,0,0,0,0,4,0,0,4,0,0,0,4,0,0,2
gene-LOC113248791|LOC113248791,0,0,0,0,0,0,0,0,0,0,0,0,0,0,0,0,0,0
gene-LOC123000646|LOC123000646,0,0,0,0,0,0,0,0,0,10,4,0,0,0,0,10,0,0
gene-MYO1B|MYO1B,333,783,1240,609,728,541,509,717,535,688,604,731,566,424,655,446,504,601
gene-GLS|GLS,236,472,353,373,542,401,283,580,354,409,457,385,338,872,463,358,470,357
gene-TYW5|TYW5,64,54,60,50,45,57,38,66,28,29,35,32,47,47,56,58,37,52
gene-LOC113249640|LOC113249640,0,2,0,2,1,2,0,0,0,0,2,0,0,0,0,0,0,0
nbis-pseudogene-771|LOC113250942,0,0,0,0,0,0,0,0,0,0,0,0,0,0,0,0,0,0
gene-SPEG|SPEG,0,10,16,0,23,6,0,17,0,0,0,0,11,8,0,0,0,0
gene-LOC113263508|LOC113263508,0,0,0,0,0,0,0,0,0,0,0,0,0,0,0,0,0,0
gene-GCG|GCG,0,0,0,0,0,0,0,0,0,0,0,0,0,0,0,0,0,0
nbis-pseudogene-781|LOC113250980,0,0,0,0,0,0,0,0,0,0,0,0,2,0,0,0,0,0
gene-LOC113250960|LOC113250960,0,0,0,0,0,0,0,0,0,0,0,0,0,0,0,0,0,0
gene-TFCP2L1|TFCP2L1,15,38,40,25,52,128,125,85,133,248,212,256,75,53,151,46,58,128
gene-LOC123000673|LOC123000673,0,5,7,7,0,4,0,0,0,0,4,0,0,0,0,0,0,5
gene-ANO7|ANO7,0,8,3,0,3,3,4,0,7,0,6,6,0,0,0,0,7,0
gene-ACADL|ACADL,1869,502,1622,3559,308,1012,1905,568,800,4576,1585,2231,4776,494,2582,3388,527,1566
nbis-pseudogene-522|LOC113248004,0,0,0,0,0,0,0,0,0,0,0,0,0,0,0,0,0,0
gene-ATF2|ATF2,415,761,587,601,844,526,476,671,448,693,798,683,520,830,583,488,776,494
nbis-pseudogene-2899|LOC123000443,0,0,0,0,0,0,0,0,0,0,0,0,0,0,0,0,0,0
gene-DAW1|DAW1,0,0,0,0,0,0,0,0,0,0,0,0,0,0,0,0,0,0
gene-LOC113248959|LOC113248959,6,0,0,20,0,0,0,0,0,6,0,9,7,13,10,12,7,8
nbis-pseudogene-777|LOC113250970,0,0,0,0,0,0,0,0,0,0,0,0,0,0,0,1,0,0
gene-FAM240C|FAM240C,0,0,0,0,0,0,0,0,0,0,0,0,0,0,0,0,0,0
gene-C1QL2|C1QL2,0,0,0,0,0,0,0,0,0,0,0,0,0,0,0,0,0,0
gene-LOC113250927|LOC113250927,0,0,0,0,0,0,0,2,2,0,2,3,0,2,3,4,2,3
gene-HNRNPA3|HNRNPA3,481,750,524,651,870,591,496,942,779,841,965,736,605,941,796,446,765,724
gene-LOC113250923|LOC113250923,229,273,320,171,200,367,297,142,344,265,257,161,155,260,268,249,328,302
